Component,File,Line,Element,Label,Destination,RouteStatus,Priority,RouteHealth
global-error,D:/{MY_PROJECTS}/{OPC_cerebro_hive}/OPC/cerebro-hive-website/apps/studio/app/global-error.tsx,26,TrackedButton,[Empty],Handler: {() => reset()},Action,Medium,Action
not-found,D:/{MY_PROJECTS}/{OPC_cerebro_hive}/OPC/cerebro-hive-website/apps/studio/app/not-found.tsx,21,TrackedLink,[Empty],/,Valid,Medium,OK
AgentConfiguration,D:/{MY_PROJECTS}/{OPC_cerebro_hive}/OPC/cerebro-hive-website/apps/studio/components/agent/AgentConfiguration.tsx,34,button,[Empty],,Missing,High,Unknown
AgentConfiguration,D:/{MY_PROJECTS}/{OPC_cerebro_hive}/OPC/cerebro-hive-website/apps/studio/components/agent/AgentConfiguration.tsx,41,button,[Empty],,Missing,High,Unknown
AgentConfiguration,D:/{MY_PROJECTS}/{OPC_cerebro_hive}/OPC/cerebro-hive-website/apps/studio/components/agent/AgentConfiguration.tsx,100,button,[Empty],,Missing,High,Unknown
AgentConfiguration,D:/{MY_PROJECTS}/{OPC_cerebro_hive}/OPC/cerebro-hive-website/apps/studio/components/agent/AgentConfiguration.tsx,112,button,[Empty],,Missing,High,Unknown
AgentExplorer,D:/{MY_PROJECTS}/{OPC_cerebro_hive}/OPC/cerebro-hive-website/apps/studio/components/agent/AgentExplorer.tsx,17,Link,[Empty],[Dynamic: `/app/agents/${agent.id}`],Valid,Low,Unknown
AnalyticsSidebar,D:/{MY_PROJECTS}/{OPC_cerebro_hive}/OPC/cerebro-hive-website/apps/studio/components/analytics/AnalyticsSidebar.tsx,34,button,{dynamic},Handler: {() => setActiveView(item.id)},Action,Medium,Action
AnalyticsSidebar,D:/{MY_PROJECTS}/{OPC_cerebro_hive}/OPC/cerebro-hive-website/apps/studio/components/analytics/AnalyticsSidebar.tsx,49,button,{dynamic},Handler: {() => setActiveView(item.id)},Action,Medium,Action
AnalyticsSidebar,D:/{MY_PROJECTS}/{OPC_cerebro_hive}/OPC/cerebro-hive-website/apps/studio/components/analytics/AnalyticsSidebar.tsx,64,button,{dynamic} {dynamic},Handler: {() => setActiveView(item.id)},Action,Medium,Action
AnalyticsSidebar,D:/{MY_PROJECTS}/{OPC_cerebro_hive}/OPC/cerebro-hive-website/apps/studio/components/analytics/AnalyticsSidebar.tsx,78,button,[Icon/Image],,Missing,High,Unknown
TraceDetails,D:/{MY_PROJECTS}/{OPC_cerebro_hive}/OPC/cerebro-hive-website/apps/studio/components/analytics/TraceDetails.tsx,20,button,[Icon/Image],Handler: {() => setSelectedTraceId(null)},Action,Medium,Action
TraceExplorer,D:/{MY_PROJECTS}/{OPC_cerebro_hive}/OPC/cerebro-hive-website/apps/studio/components/analytics/TraceExplorer.tsx,19,button,[Empty],,Missing,High,Unknown
TraceExplorer,D:/{MY_PROJECTS}/{OPC_cerebro_hive}/OPC/cerebro-hive-website/apps/studio/components/analytics/TraceExplorer.tsx,42,tr,[Empty],Handler: {() => setSelectedTraceId(trace.traceId)},Action,Medium,Action
ArchitectureCanvas,D:/{MY_PROJECTS}/{OPC_cerebro_hive}/OPC/cerebro-hive-website/apps/studio/components/architecture/ArchitectureCanvas.tsx,180,TrackedButton,[Icon/Image],Handler: {onDownloadPng},Action,Medium,Action
ArchitectureCanvas,D:/{MY_PROJECTS}/{OPC_cerebro_hive}/OPC/cerebro-hive-website/apps/studio/components/architecture/ArchitectureCanvas.tsx,183,TrackedButton,[Icon/Image],Handler: {onDownloadSvg},Action,Medium,Action
ArchitectureCanvas,D:/{MY_PROJECTS}/{OPC_cerebro_hive}/OPC/cerebro-hive-website/apps/studio/components/architecture/ArchitectureCanvas.tsx,181,ImageIcon,[ImageIcon],,Missing,High,Unknown
AnimatedButton,D:/{MY_PROJECTS}/{OPC_cerebro_hive}/OPC/cerebro-hive-website/apps/studio/components/cerebro/AnimatedButton.tsx,17,motion.button,[Icon/Image],,Missing,High,Unknown
ThemeToggle,D:/{MY_PROJECTS}/{OPC_cerebro_hive}/OPC/cerebro-hive-website/apps/studio/components/cerebro/ThemeToggle.tsx,33,button,{dynamic} {dynamic},Handler: {() => setTheme(option.value)},Action,Medium,Action
ThemeToggle,D:/{MY_PROJECTS}/{OPC_cerebro_hive}/OPC/cerebro-hive-website/apps/studio/components/cerebro/ThemeToggle.tsx,44,Icon,[Icon],,Missing,High,Unknown
TrackedButton,D:/{MY_PROJECTS}/{OPC_cerebro_hive}/OPC/cerebro-hive-website/apps/studio/components/cerebro/TrackedButton.tsx,34,button,{dynamic},Handler: {handleClick},Action,Medium,Action
TrackedLink,D:/{MY_PROJECTS}/{OPC_cerebro_hive}/OPC/cerebro-hive-website/apps/studio/components/cerebro/TrackedLink.tsx,38,Link,[Empty],[Dynamic: href],Valid,Low,Unknown
AuthGate,D:/{MY_PROJECTS}/{OPC_cerebro_hive}/OPC/cerebro-hive-website/apps/studio/components/dashboard/AuthGate.tsx,234,TrackedButton,[Icon/Image],,Missing,High,Unknown
AuthGate,D:/{MY_PROJECTS}/{OPC_cerebro_hive}/OPC/cerebro-hive-website/apps/studio/components/dashboard/AuthGate.tsx,242,TrackedButton,[Empty],Handler: {() => setStep("login")},Action,Medium,Action
AuthGate,D:/{MY_PROJECTS}/{OPC_cerebro_hive}/OPC/cerebro-hive-website/apps/studio/components/dashboard/AuthGate.tsx,410,TrackedButton,{dynamic},,Missing,High,Unknown
AuthGate,D:/{MY_PROJECTS}/{OPC_cerebro_hive}/OPC/cerebro-hive-website/apps/studio/components/dashboard/AuthGate.tsx,518,TrackedButton,[Icon/Image],,Missing,High,Unknown
AuthGate,D:/{MY_PROJECTS}/{OPC_cerebro_hive}/OPC/cerebro-hive-website/apps/studio/components/dashboard/AuthGate.tsx,260,CreditCard,[CreditCard],,Missing,High,Unknown
AuthGate,D:/{MY_PROJECTS}/{OPC_cerebro_hive}/OPC/cerebro-hive-website/apps/studio/components/dashboard/AuthGate.tsx,320,CreditCard,[CreditCard],,Missing,High,Unknown
FreeTierDashboard,D:/{MY_PROJECTS}/{OPC_cerebro_hive}/OPC/cerebro-hive-website/apps/studio/components/dashboard/FreeTierDashboard.tsx,575,TrackedButton,[Empty],Handler: {() => setActiveSandbox(s.id)},Action,Medium,Action
FreeTierDashboard,D:/{MY_PROJECTS}/{OPC_cerebro_hive}/OPC/cerebro-hive-website/apps/studio/components/dashboard/FreeTierDashboard.tsx,610,TrackedButton,[Empty],Handler: {() => setActiveSandbox(s.id)},Action,Medium,Action
FreeTierDashboard,D:/{MY_PROJECTS}/{OPC_cerebro_hive}/OPC/cerebro-hive-website/apps/studio/components/dashboard/FreeTierDashboard.tsx,645,TrackedButton,[Empty],Handler: {() => setActiveSandbox(s.id)},Action,Medium,Action
FreeTierDashboard,D:/{MY_PROJECTS}/{OPC_cerebro_hive}/OPC/cerebro-hive-website/apps/studio/components/dashboard/FreeTierDashboard.tsx,668,TrackedButton,[Icon/Image],Handler: {() => {                setActiveSandbox(null);                setMatchAudited(false);                setMatchResult(null);                setQuizStep(0);                setQuizAnswers({});                setReadinessStep(0);                setReadinessAnswers({});                setSupportOutput(null);                setRagAnswer("");                setRagSteps([]);                setHrCandidates([]);              }},Action,Medium,Action
FreeTierDashboard,D:/{MY_PROJECTS}/{OPC_cerebro_hive}/OPC/cerebro-hive-website/apps/studio/components/dashboard/FreeTierDashboard.tsx,701,TrackedButton,[Empty],Handler: {() => addFlowNode("Trigger"  "Webhook API Received"  "var(--hive-orange)")},Action,Medium,Action
FreeTierDashboard,D:/{MY_PROJECTS}/{OPC_cerebro_hive}/OPC/cerebro-hive-website/apps/studio/components/dashboard/FreeTierDashboard.tsx,702,TrackedButton,[Empty],Handler: {() => addFlowNode("AI Node"  "Sentiment Router"  "var(--neural-blue)")},Action,Medium,Action
FreeTierDashboard,D:/{MY_PROJECTS}/{OPC_cerebro_hive}/OPC/cerebro-hive-website/apps/studio/components/dashboard/FreeTierDashboard.tsx,703,TrackedButton,[Empty],Handler: {() => addFlowNode("Action"  "Slack Alerts Node"  "var(--violet)")},Action,Medium,Action
FreeTierDashboard,D:/{MY_PROJECTS}/{OPC_cerebro_hive}/OPC/cerebro-hive-website/apps/studio/components/dashboard/FreeTierDashboard.tsx,704,TrackedButton,[Empty],Handler: {clearFlowCanvas},Action,Medium,Action
FreeTierDashboard,D:/{MY_PROJECTS}/{OPC_cerebro_hive}/OPC/cerebro-hive-website/apps/studio/components/dashboard/FreeTierDashboard.tsx,710,TrackedButton,{dynamic},Handler: {runFlowSimulation},Action,Medium,Action
FreeTierDashboard,D:/{MY_PROJECTS}/{OPC_cerebro_hive}/OPC/cerebro-hive-website/apps/studio/components/dashboard/FreeTierDashboard.tsx,766,TrackedButton,{dynamic},Handler: {runAgentSimulation},Action,Medium,Action
FreeTierDashboard,D:/{MY_PROJECTS}/{OPC_cerebro_hive}/OPC/cerebro-hive-website/apps/studio/components/dashboard/FreeTierDashboard.tsx,831,TrackedButton,[Empty],Handler: {() => setQuizStep(1)},Action,Medium,Action
FreeTierDashboard,D:/{MY_PROJECTS}/{OPC_cerebro_hive}/OPC/cerebro-hive-website/apps/studio/components/dashboard/FreeTierDashboard.tsx,845,TrackedButton,[Empty],Handler: {() => {                              setQuizAnswers(prev => ({ ...prev  [question.id]: opt.key }));                              if (quizStep < 3) {                                setQuizStep(quizStep + 1);                              } else {                                submitQuizAnswers();                              }                            }},Action,Medium,Action
FreeTierDashboard,D:/{MY_PROJECTS}/{OPC_cerebro_hive}/OPC/cerebro-hive-website/apps/studio/components/dashboard/FreeTierDashboard.tsx,894,TrackedButton,[Empty],Handler: {handleDownloadCert},Action,Medium,Action
FreeTierDashboard,D:/{MY_PROJECTS}/{OPC_cerebro_hive}/OPC/cerebro-hive-website/apps/studio/components/dashboard/FreeTierDashboard.tsx,897,TrackedButton,[Empty],Handler: {() => setQuizStep(0)},Action,Medium,Action
FreeTierDashboard,D:/{MY_PROJECTS}/{OPC_cerebro_hive}/OPC/cerebro-hive-website/apps/studio/components/dashboard/FreeTierDashboard.tsx,909,TrackedButton,[Empty],Handler: {() => { setQuizStep(0); setQuizAnswers({}); }},Action,Medium,Action
FreeTierDashboard,D:/{MY_PROJECTS}/{OPC_cerebro_hive}/OPC/cerebro-hive-website/apps/studio/components/dashboard/FreeTierDashboard.tsx,959,TrackedButton,[Empty],Handler: {() => auditAction(row.id  "approve")},Action,Medium,Action
FreeTierDashboard,D:/{MY_PROJECTS}/{OPC_cerebro_hive}/OPC/cerebro-hive-website/apps/studio/components/dashboard/FreeTierDashboard.tsx,960,TrackedButton,[Empty],Handler: {() => auditAction(row.id  "flag")},Action,Medium,Action
FreeTierDashboard,D:/{MY_PROJECTS}/{OPC_cerebro_hive}/OPC/cerebro-hive-website/apps/studio/components/dashboard/FreeTierDashboard.tsx,994,TrackedButton,[Empty],Handler: {() => setReadinessStep(1)},Action,Medium,Action
FreeTierDashboard,D:/{MY_PROJECTS}/{OPC_cerebro_hive}/OPC/cerebro-hive-website/apps/studio/components/dashboard/FreeTierDashboard.tsx,1007,TrackedButton,[Empty],Handler: {() => {                              setReadinessAnswers(prev => ({ ...prev  [question.id]: opt.score }));                              if (readinessStep < 4) {                                setReadinessStep(readinessStep + 1);                              } else {                                setReadinessStep(5);                              }                            }},Action,Medium,Action
FreeTierDashboard,D:/{MY_PROJECTS}/{OPC_cerebro_hive}/OPC/cerebro-hive-website/apps/studio/components/dashboard/FreeTierDashboard.tsx,1045,TrackedButton,[Empty],Handler: {downloadReadinessReport},Action,Medium,Action
FreeTierDashboard,D:/{MY_PROJECTS}/{OPC_cerebro_hive}/OPC/cerebro-hive-website/apps/studio/components/dashboard/FreeTierDashboard.tsx,1048,TrackedButton,[Empty],Handler: {() => { setReadinessStep(0); setReadinessAnswers({}); }},Action,Medium,Action
FreeTierDashboard,D:/{MY_PROJECTS}/{OPC_cerebro_hive}/OPC/cerebro-hive-website/apps/studio/components/dashboard/FreeTierDashboard.tsx,1129,TrackedButton,{dynamic},Handler: {() => setSupportText(t.text)},Action,Medium,Action
FreeTierDashboard,D:/{MY_PROJECTS}/{OPC_cerebro_hive}/OPC/cerebro-hive-website/apps/studio/components/dashboard/FreeTierDashboard.tsx,1143,TrackedButton,{dynamic},Handler: {runSupportSimulation},Action,Medium,Action
FreeTierDashboard,D:/{MY_PROJECTS}/{OPC_cerebro_hive}/OPC/cerebro-hive-website/apps/studio/components/dashboard/FreeTierDashboard.tsx,1197,TrackedButton,[Empty],Handler: {() => setRagQuery("What are the database backup rules?")},Action,Medium,Action
FreeTierDashboard,D:/{MY_PROJECTS}/{OPC_cerebro_hive}/OPC/cerebro-hive-website/apps/studio/components/dashboard/FreeTierDashboard.tsx,1198,TrackedButton,[Empty],Handler: {() => setRagQuery("What encryption protocols govern API nodes?")},Action,Medium,Action
FreeTierDashboard,D:/{MY_PROJECTS}/{OPC_cerebro_hive}/OPC/cerebro-hive-website/apps/studio/components/dashboard/FreeTierDashboard.tsx,1199,TrackedButton,[Empty],Handler: {() => setRagQuery("Who maintains access keys for production storage?")},Action,Medium,Action
FreeTierDashboard,D:/{MY_PROJECTS}/{OPC_cerebro_hive}/OPC/cerebro-hive-website/apps/studio/components/dashboard/FreeTierDashboard.tsx,1202,TrackedButton,{dynamic},Handler: {runRagSimulation},Action,Medium,Action
FreeTierDashboard,D:/{MY_PROJECTS}/{OPC_cerebro_hive}/OPC/cerebro-hive-website/apps/studio/components/dashboard/FreeTierDashboard.tsx,1256,TrackedButton,{dynamic},Handler: {runHrSimulation},Action,Medium,Action
FreeTierDashboard,D:/{MY_PROJECTS}/{OPC_cerebro_hive}/OPC/cerebro-hive-website/apps/studio/components/dashboard/FreeTierDashboard.tsx,1279,TrackedButton,[Empty],Handler: {() => hrAction(c.name  "Shortlisted")},Action,Medium,Action
FreeTierDashboard,D:/{MY_PROJECTS}/{OPC_cerebro_hive}/OPC/cerebro-hive-website/apps/studio/components/dashboard/FreeTierDashboard.tsx,1280,TrackedButton,[Empty],Handler: {() => hrAction(c.name  "Rejected")},Action,Medium,Action
FreeTierDashboard,D:/{MY_PROJECTS}/{OPC_cerebro_hive}/OPC/cerebro-hive-website/apps/studio/components/dashboard/FreeTierDashboard.tsx,1344,TrackedButton,[Empty],Handler: {runMatchAudit},Action,Medium,Action
FreeTierDashboard,D:/{MY_PROJECTS}/{OPC_cerebro_hive}/OPC/cerebro-hive-website/apps/studio/components/dashboard/FreeTierDashboard.tsx,1353,TrackedButton,[Empty],,Missing,High,Unknown
FreeTierDashboard,D:/{MY_PROJECTS}/{OPC_cerebro_hive}/OPC/cerebro-hive-website/apps/studio/components/dashboard/FreeTierDashboard.tsx,567,Icon,[Icon],,Missing,High,Unknown
FreeTierDashboard,D:/{MY_PROJECTS}/{OPC_cerebro_hive}/OPC/cerebro-hive-website/apps/studio/components/dashboard/FreeTierDashboard.tsx,602,Icon,[Icon],,Missing,High,Unknown
FreeTierDashboard,D:/{MY_PROJECTS}/{OPC_cerebro_hive}/OPC/cerebro-hive-website/apps/studio/components/dashboard/FreeTierDashboard.tsx,637,Icon,[Icon],,Missing,High,Unknown
Breadcrumbs,D:/{MY_PROJECTS}/{OPC_cerebro_hive}/OPC/cerebro-hive-website/apps/studio/components/discovery/Breadcrumbs.tsx,29,TrackedLink,{dynamic},[Dynamic: item.href],Valid,Medium,Unknown
FaqSection,D:/{MY_PROJECTS}/{OPC_cerebro_hive}/OPC/cerebro-hive-website/apps/studio/components/discovery/FaqSection.tsx,34,TrackedButton,[Empty],Handler: {() => setOpenIndex(openIndex === i ? null : i)},Action,Medium,Action
PromptExplorer,D:/{MY_PROJECTS}/{OPC_cerebro_hive}/OPC/cerebro-hive-website/apps/studio/components/editor/PromptExplorer.tsx,17,Link,[Empty],[Dynamic: `/prompts/${prompt.id}`],Valid,Low,Unknown
TestConsole,D:/{MY_PROJECTS}/{OPC_cerebro_hive}/OPC/cerebro-hive-website/apps/studio/components/editor/TestConsole.tsx,12,button,[Empty],,Missing,High,Unknown
DatasetViewer,D:/{MY_PROJECTS}/{OPC_cerebro_hive}/OPC/cerebro-hive-website/apps/studio/components/evaluation/DatasetViewer.tsx,21,button,[Empty],,Missing,High,Unknown
DatasetViewer,D:/{MY_PROJECTS}/{OPC_cerebro_hive}/OPC/cerebro-hive-website/apps/studio/components/evaluation/DatasetViewer.tsx,22,button,[Empty],,Missing,High,Unknown
EvaluationSidebar,D:/{MY_PROJECTS}/{OPC_cerebro_hive}/OPC/cerebro-hive-website/apps/studio/components/evaluation/EvaluationSidebar.tsx,28,button,{dynamic},Handler: {() => setActiveView(item.id)},Action,Medium,Action
EvaluationSidebar,D:/{MY_PROJECTS}/{OPC_cerebro_hive}/OPC/cerebro-hive-website/apps/studio/components/evaluation/EvaluationSidebar.tsx,43,button,{dynamic},Handler: {() => setActiveView(item.id)},Action,Medium,Action
EvaluationSidebar,D:/{MY_PROJECTS}/{OPC_cerebro_hive}/OPC/cerebro-hive-website/apps/studio/components/evaluation/EvaluationSidebar.tsx,56,button,[Icon/Image],,Missing,High,Unknown
RunResults,D:/{MY_PROJECTS}/{OPC_cerebro_hive}/OPC/cerebro-hive-website/apps/studio/components/evaluation/RunResults.tsx,29,button,[Empty],,Missing,High,Unknown
RunResults,D:/{MY_PROJECTS}/{OPC_cerebro_hive}/OPC/cerebro-hive-website/apps/studio/components/evaluation/RunResults.tsx,30,button,[Empty],,Missing,High,Unknown
RunResults,D:/{MY_PROJECTS}/{OPC_cerebro_hive}/OPC/cerebro-hive-website/apps/studio/components/evaluation/RunResults.tsx,88,button,[Empty],,Missing,High,Unknown
RunResults,D:/{MY_PROJECTS}/{OPC_cerebro_hive}/OPC/cerebro-hive-website/apps/studio/components/evaluation/RunResults.tsx,95,button,[Empty],,Missing,High,Unknown
CaseStudiesPreview,D:/{MY_PROJECTS}/{OPC_cerebro_hive}/OPC/cerebro-hive-website/apps/studio/components/home/CaseStudiesPreview.tsx,63,TrackedLink,[Empty],/case-studies,Valid,Medium,OK
CaseStudiesPreview,D:/{MY_PROJECTS}/{OPC_cerebro_hive}/OPC/cerebro-hive-website/apps/studio/components/home/CaseStudiesPreview.tsx,150,TrackedLink,[Icon/Image],[Dynamic: cs.href],Valid,Medium,Unknown
FinalCTA,D:/{MY_PROJECTS}/{OPC_cerebro_hive}/OPC/cerebro-hive-website/apps/studio/components/home/FinalCTA.tsx,103,TrackedLink,{dynamic},/contact,Valid,Medium,OK
FinalCTA,D:/{MY_PROJECTS}/{OPC_cerebro_hive}/OPC/cerebro-hive-website/apps/studio/components/home/FinalCTA.tsx,114,TrackedLink,{dynamic},/tools/ai-readiness,Valid,Medium,OK
HeroSection,D:/{MY_PROJECTS}/{OPC_cerebro_hive}/OPC/cerebro-hive-website/apps/studio/components/home/HeroSection.tsx,141,TrackedLink,{dynamic},/contact,Valid,Medium,OK
HeroSection,D:/{MY_PROJECTS}/{OPC_cerebro_hive}/OPC/cerebro-hive-website/apps/studio/components/home/HeroSection.tsx,144,TrackedLink,{dynamic},/solutions,Valid,Medium,Broken (404)
ServicesOverview,D:/{MY_PROJECTS}/{OPC_cerebro_hive}/OPC/cerebro-hive-website/apps/studio/components/home/ServicesOverview.tsx,160,TrackedLink,{dynamic} {dynamic},[Dynamic: service.href],Valid,Medium,Unknown
ServicesOverview,D:/{MY_PROJECTS}/{OPC_cerebro_hive}/OPC/cerebro-hive-website/apps/studio/components/home/ServicesOverview.tsx,136,Icon,[Icon],,Missing,High,Unknown
SolutionRecommenderTeaser,D:/{MY_PROJECTS}/{OPC_cerebro_hive}/OPC/cerebro-hive-website/apps/studio/components/home/SolutionRecommenderTeaser.tsx,67,TrackedButton,{dynamic},Handler: {() => handleSelect(i)},Action,Medium,Action
SolutionRecommenderTeaser,D:/{MY_PROJECTS}/{OPC_cerebro_hive}/OPC/cerebro-hive-website/apps/studio/components/home/SolutionRecommenderTeaser.tsx,114,TrackedButton,[Icon/Image],Handler: {() => router.push("/tools/solution-finder")},Action,Medium,Action
SolutionsGrid,D:/{MY_PROJECTS}/{OPC_cerebro_hive}/OPC/cerebro-hive-website/apps/studio/components/home/SolutionsGrid.tsx,169,TrackedLink,{dynamic},[Dynamic: sol.href],Valid,Medium,Unknown
SolutionsGrid,D:/{MY_PROJECTS}/{OPC_cerebro_hive}/OPC/cerebro-hive-website/apps/studio/components/home/SolutionsGrid.tsx,196,TrackedLink,{dynamic},/solutions,Valid,Medium,Broken (404)
SolutionsGrid,D:/{MY_PROJECTS}/{OPC_cerebro_hive}/OPC/cerebro-hive-website/apps/studio/components/home/SolutionsGrid.tsx,126,Icon,[Icon],,Missing,High,Unknown
IndustryDetailView,D:/{MY_PROJECTS}/{OPC_cerebro_hive}/OPC/cerebro-hive-website/apps/studio/components/industries/IndustryDetailView.tsx,217,TrackedLink,[Icon/Image],/products,Valid,Medium,OK
IndustryDetailView,D:/{MY_PROJECTS}/{OPC_cerebro_hive}/OPC/cerebro-hive-website/apps/studio/components/industries/IndustryDetailView.tsx,234,TrackedLink,[Icon/Image],[Dynamic: res.link],Valid,Medium,Unknown
IndustryDetailView,D:/{MY_PROJECTS}/{OPC_cerebro_hive}/OPC/cerebro-hive-website/apps/studio/components/industries/IndustryDetailView.tsx,255,TrackedLink,[Icon/Image],[Dynamic: `/industries/${rel}`],Valid,Medium,Unknown
IndustryDetailView,D:/{MY_PROJECTS}/{OPC_cerebro_hive}/OPC/cerebro-hive-website/apps/studio/components/industries/IndustryDetailView.tsx,294,Button,[Empty],Handler: {() => analytics.track({ eventName: 'click'  category: 'industry-explorer'  label: 'Book Industry Workshop' })},Action,Medium,Action
IndustryDetailView,D:/{MY_PROJECTS}/{OPC_cerebro_hive}/OPC/cerebro-hive-website/apps/studio/components/industries/IndustryDetailView.tsx,301,Button,[Empty],Handler: {() => analytics.track({ eventName: 'click'  category: 'industry-explorer'  label: 'Download Blueprint' })},Action,Medium,Action
IndustryDetailView,D:/{MY_PROJECTS}/{OPC_cerebro_hive}/OPC/cerebro-hive-website/apps/studio/components/industries/IndustryDetailView.tsx,70,Icon,[Icon],,Missing,High,Unknown
IndustryPageLayout,D:/{MY_PROJECTS}/{OPC_cerebro_hive}/OPC/cerebro-hive-website/apps/studio/components/industries/IndustryPageLayout.tsx,22,TrackedLink,{dynamic} {dynamic},[Dynamic: `/industries/${s.slug}`],Valid,Medium,Unknown
IndustryPageLayout,D:/{MY_PROJECTS}/{OPC_cerebro_hive}/OPC/cerebro-hive-website/apps/studio/components/industries/IndustryPageLayout.tsx,89,TrackedButton,{dynamic},,Missing,High,Unknown
InteractiveIndustryExplorer,D:/{MY_PROJECTS}/{OPC_cerebro_hive}/OPC/cerebro-hive-website/apps/studio/components/industries/InteractiveIndustryExplorer.tsx,65,TrackedButton,[Icon/Image],Handler: {() => toggleCategory(cat)},Action,Medium,Action
InteractiveIndustryExplorer,D:/{MY_PROJECTS}/{OPC_cerebro_hive}/OPC/cerebro-hive-website/apps/studio/components/industries/InteractiveIndustryExplorer.tsx,89,TrackedLink,{dynamic},[Dynamic: `/industries/${ind.slug}`],Valid,Medium,Unknown
InteractiveIndustryExplorer,D:/{MY_PROJECTS}/{OPC_cerebro_hive}/OPC/cerebro-hive-website/apps/studio/components/industries/InteractiveIndustryExplorer.tsx,146,TrackedLink,[Empty],[Dynamic: `/industries/${ind.slug}`],Valid,Medium,Unknown
InteractiveIndustryGlobe,D:/{MY_PROJECTS}/{OPC_cerebro_hive}/OPC/cerebro-hive-website/apps/studio/components/industries/InteractiveIndustryGlobe.tsx,174,motion.div,{dynamic} {dynamic},Handler: {() => {                  // All 15 industries are now fully built engines  navigate directly to them                  router.push(`/industries/${node.slug}`);                }},Action,Medium,Action
InteractiveIndustryGlobe,D:/{MY_PROJECTS}/{OPC_cerebro_hive}/OPC/cerebro-hive-website/apps/studio/components/industries/InteractiveIndustryGlobe.tsx,200,Icon,[Icon],,Missing,High,Unknown
CerebroChat,D:/{MY_PROJECTS}/{OPC_cerebro_hive}/OPC/cerebro-hive-website/apps/studio/components/layout/CerebroChat.tsx,172,motion.button,[Icon/Image],Handler: {() => {                analytics.track({ eventName: 'click'  category: 'cerebro-chat'  label: 'Open Cerebro Chat' });                setIsOpen(true);              }},Action,Medium,Action
CerebroChat,D:/{MY_PROJECTS}/{OPC_cerebro_hive}/OPC/cerebro-hive-website/apps/studio/components/layout/CerebroChat.tsx,230,TrackedButton,[Icon/Image],Handler: {() => setIsOpen(false)},Action,Medium,Action
CerebroChat,D:/{MY_PROJECTS}/{OPC_cerebro_hive}/OPC/cerebro-hive-website/apps/studio/components/layout/CerebroChat.tsx,250,TrackedButton,[Icon/Image],,Missing,High,Unknown
CerebroChat,D:/{MY_PROJECTS}/{OPC_cerebro_hive}/OPC/cerebro-hive-website/apps/studio/components/layout/CerebroChat.tsx,346,TrackedButton,{dynamic},,Missing,High,Unknown
CerebroChat,D:/{MY_PROJECTS}/{OPC_cerebro_hive}/OPC/cerebro-hive-website/apps/studio/components/layout/CerebroChat.tsx,366,TrackedButton,{dynamic},Handler: {() => handleSend(prompt.text)},Action,Medium,Action
CerebroChat,D:/{MY_PROJECTS}/{OPC_cerebro_hive}/OPC/cerebro-hive-website/apps/studio/components/layout/CerebroChat.tsx,399,TrackedButton,[Icon/Image],,Missing,High,Unknown
CerebroChat,D:/{MY_PROJECTS}/{OPC_cerebro_hive}/OPC/cerebro-hive-website/apps/studio/components/layout/CerebroChat.tsx,400,TrackedButton,[Icon/Image],,Missing,High,Unknown
CerebroChat,D:/{MY_PROJECTS}/{OPC_cerebro_hive}/OPC/cerebro-hive-website/apps/studio/components/layout/CerebroChat.tsx,401,TrackedButton,[Icon/Image],,Missing,High,Unknown
CerebroChat,D:/{MY_PROJECTS}/{OPC_cerebro_hive}/OPC/cerebro-hive-website/apps/studio/components/layout/CerebroChat.tsx,403,TrackedButton,[Icon/Image],Handler: {() => handleSend(input)},Action,Medium,Action
CerebroChat,D:/{MY_PROJECTS}/{OPC_cerebro_hive}/OPC/cerebro-hive-website/apps/studio/components/layout/CerebroChat.tsx,428,TrackedButton,{dynamic} {dynamic},Handler: {() => setActiveTab(tab.id as any)},Action,Medium,Action
Footer,D:/{MY_PROJECTS}/{OPC_cerebro_hive}/OPC/cerebro-hive-website/apps/studio/components/layout/Footer.tsx,234,TrackedLink,{dynamic},[Dynamic: link.href],Valid,Medium,Unknown
Footer,D:/{MY_PROJECTS}/{OPC_cerebro_hive}/OPC/cerebro-hive-website/apps/studio/components/layout/Footer.tsx,246,TrackedButton,{dynamic},Handler: {() => setOpenAccordion(openAccordion === category ? null : category)},Action,Medium,Action
Footer,D:/{MY_PROJECTS}/{OPC_cerebro_hive}/OPC/cerebro-hive-website/apps/studio/components/layout/Footer.tsx,260,TrackedLink,{dynamic},[Dynamic: link.href],Valid,Medium,Unknown
Footer,D:/{MY_PROJECTS}/{OPC_cerebro_hive}/OPC/cerebro-hive-website/apps/studio/components/layout/Footer.tsx,292,TrackedLink,[Icon/Image],[Dynamic: social.href],Valid,Medium,Unknown
Footer,D:/{MY_PROJECTS}/{OPC_cerebro_hive}/OPC/cerebro-hive-website/apps/studio/components/layout/Footer.tsx,371,TrackedLink,[Icon/Image],/,Valid,Medium,OK
Footer,D:/{MY_PROJECTS}/{OPC_cerebro_hive}/OPC/cerebro-hive-website/apps/studio/components/layout/Footer.tsx,390,TrackedLink,[Empty],/sitemap,Valid,Medium,OK
Navbar,D:/{MY_PROJECTS}/{OPC_cerebro_hive}/OPC/cerebro-hive-website/apps/studio/components/layout/Navbar.tsx,48,TrackedLink,[Icon/Image],/,Valid,Medium,OK
Navbar,D:/{MY_PROJECTS}/{OPC_cerebro_hive}/OPC/cerebro-hive-website/apps/studio/components/layout/Navbar.tsx,64,TrackedLink,{dynamic},[Dynamic: entry.href],Valid,Medium,Unknown
Navbar,D:/{MY_PROJECTS}/{OPC_cerebro_hive}/OPC/cerebro-hive-website/apps/studio/components/layout/Navbar.tsx,87,TrackedLink,[Icon/Image],/app,Valid,Medium,OK
Navbar,D:/{MY_PROJECTS}/{OPC_cerebro_hive}/OPC/cerebro-hive-website/apps/studio/components/layout/Navbar.tsx,97,TrackedLink,[Empty],/contact,Valid,Medium,OK
Navbar,D:/{MY_PROJECTS}/{OPC_cerebro_hive}/OPC/cerebro-hive-website/apps/studio/components/layout/Navbar.tsx,98,AnimatedButton,[Empty],,Missing,High,Unknown
Navbar,D:/{MY_PROJECTS}/{OPC_cerebro_hive}/OPC/cerebro-hive-website/apps/studio/components/layout/Navbar.tsx,109,TrackedButton,[Icon/Image],Handler: {() => setIsMobileMenuOpen(true)},Action,Medium,Action
Navbar,D:/{MY_PROJECTS}/{OPC_cerebro_hive}/OPC/cerebro-hive-website/apps/studio/components/layout/Navbar.tsx,143,TrackedLink,{dynamic},[Dynamic: item.href],Valid,Medium,Unknown
Navbar,D:/{MY_PROJECTS}/{OPC_cerebro_hive}/OPC/cerebro-hive-website/apps/studio/components/layout/Navbar.tsx,187,TrackedButton,[Icon/Image],Handler: {() => setIsMobileMenuOpen(false)},Action,Medium,Action
Navbar,D:/{MY_PROJECTS}/{OPC_cerebro_hive}/OPC/cerebro-hive-website/apps/studio/components/layout/Navbar.tsx,203,TrackedButton,{dynamic},Handler: {() => setOpenMobileSection(isOpen ? null : entry.label)},Action,Medium,Action
Navbar,D:/{MY_PROJECTS}/{OPC_cerebro_hive}/OPC/cerebro-hive-website/apps/studio/components/layout/Navbar.tsx,223,TrackedLink,{dynamic},[Dynamic: item.href],Valid,Medium,Unknown
Navbar,D:/{MY_PROJECTS}/{OPC_cerebro_hive}/OPC/cerebro-hive-website/apps/studio/components/layout/Navbar.tsx,243,TrackedLink,[Icon/Image],/app,Valid,Medium,OK
Navbar,D:/{MY_PROJECTS}/{OPC_cerebro_hive}/OPC/cerebro-hive-website/apps/studio/components/layout/Navbar.tsx,260,TrackedLink,[Empty],/contact,Valid,Medium,OK
Navbar,D:/{MY_PROJECTS}/{OPC_cerebro_hive}/OPC/cerebro-hive-website/apps/studio/components/layout/Navbar.tsx,261,AnimatedButton,[Empty],,Missing,High,Unknown
Navbar,D:/{MY_PROJECTS}/{OPC_cerebro_hive}/OPC/cerebro-hive-website/apps/studio/components/layout/Navbar.tsx,169,motion.div,[motion.div],Handler: {() => {                 analytics.track({ eventName: "click"  category: "navbar"  label: "Mobile Menu Backdrop" });                 setIsMobileMenuOpen(false);               }},Action,Medium,Action
StudioShell,D:/{MY_PROJECTS}/{OPC_cerebro_hive}/OPC/cerebro-hive-website/apps/studio/components/layout/StudioShell.tsx,31,Link,[Icon/Image],/,Valid,Low,OK
StudioShell,D:/{MY_PROJECTS}/{OPC_cerebro_hive}/OPC/cerebro-hive-website/apps/studio/components/layout/StudioShell.tsx,34,button,[Icon/Image],,Missing,High,Unknown
StudioShell,D:/{MY_PROJECTS}/{OPC_cerebro_hive}/OPC/cerebro-hive-website/apps/studio/components/layout/StudioShell.tsx,37,button,[Icon/Image],,Missing,High,Unknown
StudioShell,D:/{MY_PROJECTS}/{OPC_cerebro_hive}/OPC/cerebro-hive-website/apps/studio/components/layout/StudioShell.tsx,44,Link,[Icon/Image],/app/trust,Valid,Low,OK
StudioShell,D:/{MY_PROJECTS}/{OPC_cerebro_hive}/OPC/cerebro-hive-website/apps/studio/components/layout/StudioShell.tsx,70,Link,{dynamic},[Dynamic: item.href],Valid,Low,Unknown
StudioShell,D:/{MY_PROJECTS}/{OPC_cerebro_hive}/OPC/cerebro-hive-website/apps/studio/components/layout/StudioShell.tsx,19,CommandPalette,[CommandPalette],,Missing,High,Unknown
DataTable,D:/{MY_PROJECTS}/{OPC_cerebro_hive}/OPC/cerebro-hive-website/apps/studio/components/platform/DataTable.tsx,66,tr,{dynamic},Handler: {() => onRowClick?.(row)},Action,Medium,Action
EnterpriseIntegrations,D:/{MY_PROJECTS}/{OPC_cerebro_hive}/OPC/cerebro-hive-website/apps/studio/components/platform/EnterpriseIntegrations.tsx,139,Icon,[Icon],,Missing,High,Unknown
EnterpriseIntegrations,D:/{MY_PROJECTS}/{OPC_cerebro_hive}/OPC/cerebro-hive-website/apps/studio/components/platform/EnterpriseIntegrations.tsx,188,IntegrationCard,[IntegrationCard],,Missing,High,Unknown
SearchBar,D:/{MY_PROJECTS}/{OPC_cerebro_hive}/OPC/cerebro-hive-website/apps/studio/components/platform/SearchBar.tsx,38,button,[Icon/Image],Handler: {() => onChange("")},Action,Medium,Action
ChatWindow,D:/{MY_PROJECTS}/{OPC_cerebro_hive}/OPC/cerebro-hive-website/apps/studio/components/playground/ChatWindow.tsx,68,button,[Empty],Handler: {cancelStream},Action,Medium,Action
ChatWindow,D:/{MY_PROJECTS}/{OPC_cerebro_hive}/OPC/cerebro-hive-website/apps/studio/components/playground/ChatWindow.tsx,76,button,[Empty],,Missing,High,Unknown
HeroEcosystem,D:/{MY_PROJECTS}/{OPC_cerebro_hive}/OPC/cerebro-hive-website/apps/studio/components/products/HeroEcosystem.tsx,59,TrackedLink,[Empty],/products,Valid,Medium,OK
HeroEcosystem,D:/{MY_PROJECTS}/{OPC_cerebro_hive}/OPC/cerebro-hive-website/apps/studio/components/products/HeroEcosystem.tsx,62,TrackedLink,[Empty],/contact,Valid,Medium,OK
BenchmarkDashboard,D:/{MY_PROJECTS}/{OPC_cerebro_hive}/OPC/cerebro-hive-website/apps/studio/components/research/BenchmarkDashboard.tsx,46,TrackedButton,[Empty],Handler: {() => setActiveBenchmarkId(b.id)},Action,Medium,Action
BenchmarkDashboard,D:/{MY_PROJECTS}/{OPC_cerebro_hive}/OPC/cerebro-hive-website/apps/studio/components/research/BenchmarkDashboard.tsx,93,TrackedLink,[Icon/Image],[Dynamic: `/research/benchmarks/${activeBenchmark.slug}`],Valid,Medium,Unknown
BenchmarkDashboard,D:/{MY_PROJECTS}/{OPC_cerebro_hive}/OPC/cerebro-hive-website/apps/studio/components/research/BenchmarkDashboard.tsx,123,TrackedLink,[Empty],[Dynamic: `/research/benchmarks/${activeBenchmark.slug}`],Valid,Medium,Unknown
PublicationCard,D:/{MY_PROJECTS}/{OPC_cerebro_hive}/OPC/cerebro-hive-website/apps/studio/components/research/PublicationCard.tsx,29,TrackedLink,[Icon/Image],[Dynamic: `/research/${pub.category}/${pub.slug}`],Valid,Medium,Unknown
PublicationCard,D:/{MY_PROJECTS}/{OPC_cerebro_hive}/OPC/cerebro-hive-website/apps/studio/components/research/PublicationCard.tsx,16,NetworkIcon,[NetworkIcon],,Missing,High,Unknown
PublicationCard,D:/{MY_PROJECTS}/{OPC_cerebro_hive}/OPC/cerebro-hive-website/apps/studio/components/research/PublicationCard.tsx,17,BarChartIcon,[BarChartIcon],,Missing,High,Unknown
PublicationGrid,D:/{MY_PROJECTS}/{OPC_cerebro_hive}/OPC/cerebro-hive-website/apps/studio/components/research/PublicationGrid.tsx,76,TrackedButton,[Icon/Image],Handler: {() => setSearchQuery('')},Action,Medium,Action
PublicationGrid,D:/{MY_PROJECTS}/{OPC_cerebro_hive}/OPC/cerebro-hive-website/apps/studio/components/research/PublicationGrid.tsx,97,TrackedButton,[Empty],Handler: {() => setSelectedDomain(null)},Action,Medium,Action
PublicationGrid,D:/{MY_PROJECTS}/{OPC_cerebro_hive}/OPC/cerebro-hive-website/apps/studio/components/research/PublicationGrid.tsx,107,TrackedButton,{dynamic},Handler: {() => setSelectedDomain(domain)},Action,Medium,Action
PublicationGrid,D:/{MY_PROJECTS}/{OPC_cerebro_hive}/OPC/cerebro-hive-website/apps/studio/components/research/PublicationGrid.tsx,126,TrackedButton,[Empty],Handler: {() => setSelectedCategory(null)},Action,Medium,Action
PublicationGrid,D:/{MY_PROJECTS}/{OPC_cerebro_hive}/OPC/cerebro-hive-website/apps/studio/components/research/PublicationGrid.tsx,136,TrackedButton,{dynamic},Handler: {() => setSelectedCategory(cat)},Action,Medium,Action
PublicationGrid,D:/{MY_PROJECTS}/{OPC_cerebro_hive}/OPC/cerebro-hive-website/apps/studio/components/research/PublicationGrid.tsx,156,TrackedButton,[Empty],Handler: {() => {                     setSearchQuery('');                     setSelectedCategory(null);                     setSelectedDomain(null);                   }},Action,Medium,Action
PublicationGrid,D:/{MY_PROJECTS}/{OPC_cerebro_hive}/OPC/cerebro-hive-website/apps/studio/components/research/PublicationGrid.tsx,174,PublicationCard,[PublicationCard],,Missing,High,Unknown
ResearchArchitectureCanvas,D:/{MY_PROJECTS}/{OPC_cerebro_hive}/OPC/cerebro-hive-website/apps/studio/components/research/ResearchArchitectureCanvas.tsx,92,TrackedButton,[Icon/Image],,Missing,High,Unknown
ResearchArchitectureCanvas,D:/{MY_PROJECTS}/{OPC_cerebro_hive}/OPC/cerebro-hive-website/apps/studio/components/research/ResearchArchitectureCanvas.tsx,95,TrackedButton,[Icon/Image],,Missing,High,Unknown
ResearchArchitectureCanvas,D:/{MY_PROJECTS}/{OPC_cerebro_hive}/OPC/cerebro-hive-website/apps/studio/components/research/ResearchArchitectureCanvas.tsx,98,TrackedButton,[Icon/Image],,Missing,High,Unknown
ResearchDomains,D:/{MY_PROJECTS}/{OPC_cerebro_hive}/OPC/cerebro-hive-website/apps/studio/components/research/ResearchDomains.tsx,63,TrackedLink,{dynamic},[Dynamic: `/research?domain=${encodeURIComponent(domain.name)}`],Valid,Medium,Unknown
ResearchHero,D:/{MY_PROJECTS}/{OPC_cerebro_hive}/OPC/cerebro-hive-website/apps/studio/components/research/ResearchHero.tsx,77,TrackedLink,[Icon/Image],#publications,Valid,Medium,Placeholder
ResearchHero,D:/{MY_PROJECTS}/{OPC_cerebro_hive}/OPC/cerebro-hive-website/apps/studio/components/research/ResearchHero.tsx,80,TrackedButton,[Icon/Image],,Missing,High,Unknown
ResearchReader,D:/{MY_PROJECTS}/{OPC_cerebro_hive}/OPC/cerebro-hive-website/apps/studio/components/research/ResearchReader.tsx,24,TrackedLink,[Empty],/research,Valid,Medium,OK
ResearchReader,D:/{MY_PROJECTS}/{OPC_cerebro_hive}/OPC/cerebro-hive-website/apps/studio/components/research/ResearchReader.tsx,34,TrackedLink,{dynamic},[Dynamic: `/research?category=${publication.category}`],Valid,Medium,Unknown
ResearchReader,D:/{MY_PROJECTS}/{OPC_cerebro_hive}/OPC/cerebro-hive-website/apps/studio/components/research/ResearchReader.tsx,155,TrackedButton,[Icon/Image],,Missing,High,Unknown
ResearchReader,D:/{MY_PROJECTS}/{OPC_cerebro_hive}/OPC/cerebro-hive-website/apps/studio/components/research/ResearchReader.tsx,163,TrackedButton,[Icon/Image],,Missing,High,Unknown
ResearchReader,D:/{MY_PROJECTS}/{OPC_cerebro_hive}/OPC/cerebro-hive-website/apps/studio/components/research/ResearchReader.tsx,170,TrackedButton,[Icon/Image],,Missing,High,Unknown
ResearchReader,D:/{MY_PROJECTS}/{OPC_cerebro_hive}/OPC/cerebro-hive-website/apps/studio/components/research/ResearchReader.tsx,192,TrackedButton,[Icon/Image],,Missing,High,Unknown
GatedDownloadModal,D:/{MY_PROJECTS}/{OPC_cerebro_hive}/OPC/cerebro-hive-website/apps/studio/components/resources/GatedDownloadModal.tsx,57,TrackedButton,[Icon/Image],Handler: {onClose},Action,Medium,Action
GatedDownloadModal,D:/{MY_PROJECTS}/{OPC_cerebro_hive}/OPC/cerebro-hive-website/apps/studio/components/resources/GatedDownloadModal.tsx,87,TrackedLink,[Icon/Image],[Dynamic: `/whitepapers/${title.toLowerCase().replace(/\s+/g  "-")}.pdf`],Valid,Medium,Unknown
GatedDownloadModal,D:/{MY_PROJECTS}/{OPC_cerebro_hive}/OPC/cerebro-hive-website/apps/studio/components/resources/GatedDownloadModal.tsx,147,TrackedButton,[Empty],,Missing,High,Unknown
IndustryMapping,D:/{MY_PROJECTS}/{OPC_cerebro_hive}/OPC/cerebro-hive-website/apps/studio/components/services/IndustryMapping.tsx,87,TrackedLink,{dynamic},[Dynamic: industry.link],Valid,Medium,Unknown
InteractiveCapabilityMap,D:/{MY_PROJECTS}/{OPC_cerebro_hive}/OPC/cerebro-hive-website/apps/studio/components/services/InteractiveCapabilityMap.tsx,110,TrackedButton,{dynamic},Handler: {() => setActiveScenarioId(scenario.id)},Action,Medium,Action
ResearchInnovation,D:/{MY_PROJECTS}/{OPC_cerebro_hive}/OPC/cerebro-hive-website/apps/studio/components/services/ResearchInnovation.tsx,53,TrackedLink,[Icon/Image],/research,Valid,Medium,OK
ResearchInnovation,D:/{MY_PROJECTS}/{OPC_cerebro_hive}/OPC/cerebro-hive-website/apps/studio/components/services/ResearchInnovation.tsx,68,TrackedLink,[Icon/Image],[Dynamic: item.link],Valid,Medium,Unknown
ServiceCardProgressive,D:/{MY_PROJECTS}/{OPC_cerebro_hive}/OPC/cerebro-hive-website/apps/studio/components/services/ServiceCardProgressive.tsx,88,TrackedLink,[Icon/Image],[Dynamic: service.link],Valid,Medium,Unknown
BusinessFunctionMap,D:/{MY_PROJECTS}/{OPC_cerebro_hive}/OPC/cerebro-hive-website/apps/studio/components/solutions/BusinessFunctionMap.tsx,82,TrackedButton,{dynamic},Handler: {() => setActiveFunc(func.id)},Action,Medium,Action
EnterpriseArchitecture,D:/{MY_PROJECTS}/{OPC_cerebro_hive}/OPC/cerebro-hive-website/apps/studio/components/solutions/EnterpriseArchitecture.tsx,78,TrackedButton,[Icon/Image],Handler: {() => setActiveView(view.id)},Action,Medium,Action
EnterpriseArchitecture,D:/{MY_PROJECTS}/{OPC_cerebro_hive}/OPC/cerebro-hive-website/apps/studio/components/solutions/EnterpriseArchitecture.tsx,131,TrackedButton,[Icon/Image],,Missing,High,Unknown
ExecutivePriorities,D:/{MY_PROJECTS}/{OPC_cerebro_hive}/OPC/cerebro-hive-website/apps/studio/components/solutions/ExecutivePriorities.tsx,65,TrackedButton,[Icon/Image],Handler: {() => setActiveTab(p.id)},Action,Medium,Action
ExecutivePriorities,D:/{MY_PROJECTS}/{OPC_cerebro_hive}/OPC/cerebro-hive-website/apps/studio/components/solutions/ExecutivePriorities.tsx,101,TrackedLink,[Icon/Image],[Dynamic: `/solutions/${sol.slug}`],Valid,Medium,Unknown
ExecutiveResources,D:/{MY_PROJECTS}/{OPC_cerebro_hive}/OPC/cerebro-hive-website/apps/studio/components/solutions/ExecutiveResources.tsx,53,TrackedButton,[Icon/Image],,Missing,High,Unknown
MarketplaceFilter,D:/{MY_PROJECTS}/{OPC_cerebro_hive}/OPC/cerebro-hive-website/apps/studio/components/solutions/MarketplaceFilter.tsx,20,TrackedButton,{dynamic},Handler: {() => onSelect(cat.id)},Action,Medium,Action
ReadinessAssessment,D:/{MY_PROJECTS}/{OPC_cerebro_hive}/OPC/cerebro-hive-website/apps/studio/components/solutions/ReadinessAssessment.tsx,138,TrackedButton,{dynamic},Handler: {() => handleAnswer(opt.score)},Action,Medium,Action
ReadinessAssessment,D:/{MY_PROJECTS}/{OPC_cerebro_hive}/OPC/cerebro-hive-website/apps/studio/components/solutions/ReadinessAssessment.tsx,176,TrackedButton,[Empty],,Missing,High,Unknown
ReadinessAssessment,D:/{MY_PROJECTS}/{OPC_cerebro_hive}/OPC/cerebro-hive-website/apps/studio/components/solutions/ReadinessAssessment.tsx,183,TrackedButton,[Empty],Handler: {() => { setCurrentQ(0); setAnswers([]); setIsFinished(false); }},Action,Medium,Action
ResearchLayer,D:/{MY_PROJECTS}/{OPC_cerebro_hive}/OPC/cerebro-hive-website/apps/studio/components/solutions/ResearchLayer.tsx,54,TrackedLink,[Icon/Image],/research,Valid,Medium,OK
ResearchLayer,D:/{MY_PROJECTS}/{OPC_cerebro_hive}/OPC/cerebro-hive-website/apps/studio/components/solutions/ResearchLayer.tsx,88,TrackedButton,[Empty],,Missing,High,Unknown
ROICalculator,D:/{MY_PROJECTS}/{OPC_cerebro_hive}/OPC/cerebro-hive-website/apps/studio/components/solutions/ROICalculator.tsx,187,AnimatedButton,[Icon/Image],Handler: {() => analytics.track({ eventName: 'click'  category: 'roi-calculator'  label: 'Download Full Report' })},Action,Medium,Action
ROICalculator,D:/{MY_PROJECTS}/{OPC_cerebro_hive}/OPC/cerebro-hive-website/apps/studio/components/solutions/ROICalculator.tsx,195,TrackedButton,[Icon/Image],,Missing,High,Unknown
SolutionConfigurator,D:/{MY_PROJECTS}/{OPC_cerebro_hive}/OPC/cerebro-hive-website/apps/studio/components/solutions/SolutionConfigurator.tsx,81,TrackedButton,{dynamic},Handler: {() => handleSelect("industry"  ind)},Action,Medium,Action
SolutionConfigurator,D:/{MY_PROJECTS}/{OPC_cerebro_hive}/OPC/cerebro-hive-website/apps/studio/components/solutions/SolutionConfigurator.tsx,93,TrackedButton,[Empty],Handler: {() => setStep(1)},Action,Medium,Action
SolutionConfigurator,D:/{MY_PROJECTS}/{OPC_cerebro_hive}/OPC/cerebro-hive-website/apps/studio/components/solutions/SolutionConfigurator.tsx,101,TrackedButton,{dynamic},Handler: {() => handleSelect("problem"  prob)},Action,Medium,Action
SolutionConfigurator,D:/{MY_PROJECTS}/{OPC_cerebro_hive}/OPC/cerebro-hive-website/apps/studio/components/solutions/SolutionConfigurator.tsx,121,TrackedButton,{dynamic},Handler: {() => setSelections({...selections  size})},Action,Medium,Action
SolutionConfigurator,D:/{MY_PROJECTS}/{OPC_cerebro_hive}/OPC/cerebro-hive-website/apps/studio/components/solutions/SolutionConfigurator.tsx,128,TrackedButton,[Icon/Image],Handler: {handleGenerate},Action,Medium,Action
SolutionConfigurator,D:/{MY_PROJECTS}/{OPC_cerebro_hive}/OPC/cerebro-hive-website/apps/studio/components/solutions/SolutionConfigurator.tsx,163,TrackedButton,[Empty],Handler: {reset},Action,Medium,Action
SolutionConfigurator,D:/{MY_PROJECTS}/{OPC_cerebro_hive}/OPC/cerebro-hive-website/apps/studio/components/solutions/SolutionConfigurator.tsx,213,TrackedButton,[Icon/Image],,Missing,High,Unknown
SolutionConfigurator,D:/{MY_PROJECTS}/{OPC_cerebro_hive}/OPC/cerebro-hive-website/apps/studio/components/solutions/SolutionConfigurator.tsx,216,TrackedButton,[Icon/Image],,Missing,High,Unknown
ProviderHealthPanel,D:/{MY_PROJECTS}/{OPC_cerebro_hive}/OPC/cerebro-hive-website/apps/studio/components/trust/ProviderHealthPanel.tsx,32,button,[Icon/Image],,Missing,High,Unknown
dialog,D:/{MY_PROJECTS}/{OPC_cerebro_hive}/OPC/cerebro-hive-website/apps/studio/components/ui/dialog.tsx,114,Button,[Empty],,Missing,High,Unknown
dialog,D:/{MY_PROJECTS}/{OPC_cerebro_hive}/OPC/cerebro-hive-website/apps/studio/components/ui/dialog.tsx,75,XIcon,[XIcon],,Missing,High,Unknown
dropdown-menu,D:/{MY_PROJECTS}/{OPC_cerebro_hive}/OPC/cerebro-hive-website/apps/studio/components/ui/dropdown-menu.tsx,40,DropdownMenuPrimitive.Portal,[Icon/Image],,Missing,High,Unknown
dropdown-menu,D:/{MY_PROJECTS}/{OPC_cerebro_hive}/OPC/cerebro-hive-website/apps/studio/components/ui/dropdown-menu.tsx,92,DropdownMenuPrimitive.CheckboxItem,{dynamic},,Missing,High,Unknown
dropdown-menu,D:/{MY_PROJECTS}/{OPC_cerebro_hive}/OPC/cerebro-hive-website/apps/studio/components/ui/dropdown-menu.tsx,102,DropdownMenuPrimitive.ItemIndicator,[Icon/Image],,Missing,High,Unknown
dropdown-menu,D:/{MY_PROJECTS}/{OPC_cerebro_hive}/OPC/cerebro-hive-website/apps/studio/components/ui/dropdown-menu.tsx,128,DropdownMenuPrimitive.RadioItem,{dynamic},,Missing,High,Unknown
dropdown-menu,D:/{MY_PROJECTS}/{OPC_cerebro_hive}/OPC/cerebro-hive-website/apps/studio/components/ui/dropdown-menu.tsx,137,DropdownMenuPrimitive.ItemIndicator,[Icon/Image],,Missing,High,Unknown
dropdown-menu,D:/{MY_PROJECTS}/{OPC_cerebro_hive}/OPC/cerebro-hive-website/apps/studio/components/ui/dropdown-menu.tsx,210,DropdownMenuPrimitive.SubTrigger,{dynamic},,Missing,High,Unknown
dropdown-menu,D:/{MY_PROJECTS}/{OPC_cerebro_hive}/OPC/cerebro-hive-website/apps/studio/components/ui/dropdown-menu.tsx,12,DropdownMenuPrimitive.Root,[DropdownMenuPrimitive.Root],,Missing,High,Unknown
dropdown-menu,D:/{MY_PROJECTS}/{OPC_cerebro_hive}/OPC/cerebro-hive-website/apps/studio/components/ui/dropdown-menu.tsx,19,DropdownMenuPrimitive.Portal,[DropdownMenuPrimitive.Portal],,Missing,High,Unknown
dropdown-menu,D:/{MY_PROJECTS}/{OPC_cerebro_hive}/OPC/cerebro-hive-website/apps/studio/components/ui/dropdown-menu.tsx,27,DropdownMenuPrimitive.Trigger,[DropdownMenuPrimitive.Trigger],,Missing,High,Unknown
dropdown-menu,D:/{MY_PROJECTS}/{OPC_cerebro_hive}/OPC/cerebro-hive-website/apps/studio/components/ui/dropdown-menu.tsx,41,DropdownMenuPrimitive.Content,[DropdownMenuPrimitive.Content],,Missing,High,Unknown
dropdown-menu,D:/{MY_PROJECTS}/{OPC_cerebro_hive}/OPC/cerebro-hive-website/apps/studio/components/ui/dropdown-menu.tsx,58,DropdownMenuPrimitive.Group,[DropdownMenuPrimitive.Group],,Missing,High,Unknown
dropdown-menu,D:/{MY_PROJECTS}/{OPC_cerebro_hive}/OPC/cerebro-hive-website/apps/studio/components/ui/dropdown-menu.tsx,72,DropdownMenuPrimitive.Item,[DropdownMenuPrimitive.Item],,Missing,High,Unknown
dropdown-menu,D:/{MY_PROJECTS}/{OPC_cerebro_hive}/OPC/cerebro-hive-website/apps/studio/components/ui/dropdown-menu.tsx,103,CheckIcon,[CheckIcon],,Missing,High,Unknown
dropdown-menu,D:/{MY_PROJECTS}/{OPC_cerebro_hive}/OPC/cerebro-hive-website/apps/studio/components/ui/dropdown-menu.tsx,115,DropdownMenuPrimitive.RadioGroup,[DropdownMenuPrimitive.RadioGroup],,Missing,High,Unknown
dropdown-menu,D:/{MY_PROJECTS}/{OPC_cerebro_hive}/OPC/cerebro-hive-website/apps/studio/components/ui/dropdown-menu.tsx,138,CircleIcon,[CircleIcon],,Missing,High,Unknown
dropdown-menu,D:/{MY_PROJECTS}/{OPC_cerebro_hive}/OPC/cerebro-hive-website/apps/studio/components/ui/dropdown-menu.tsx,154,DropdownMenuPrimitive.Label,[DropdownMenuPrimitive.Label],,Missing,High,Unknown
dropdown-menu,D:/{MY_PROJECTS}/{OPC_cerebro_hive}/OPC/cerebro-hive-website/apps/studio/components/ui/dropdown-menu.tsx,171,DropdownMenuPrimitive.Separator,[DropdownMenuPrimitive.Separator],,Missing,High,Unknown
dropdown-menu,D:/{MY_PROJECTS}/{OPC_cerebro_hive}/OPC/cerebro-hive-website/apps/studio/components/ui/dropdown-menu.tsx,198,DropdownMenuPrimitive.Sub,[DropdownMenuPrimitive.Sub],,Missing,High,Unknown
dropdown-menu,D:/{MY_PROJECTS}/{OPC_cerebro_hive}/OPC/cerebro-hive-website/apps/studio/components/ui/dropdown-menu.tsx,220,ChevronRightIcon,[ChevronRightIcon],,Missing,High,Unknown
dropdown-menu,D:/{MY_PROJECTS}/{OPC_cerebro_hive}/OPC/cerebro-hive-website/apps/studio/components/ui/dropdown-menu.tsx,230,DropdownMenuPrimitive.SubContent,[DropdownMenuPrimitive.SubContent],,Missing,High,Unknown
sheet,D:/{MY_PROJECTS}/{OPC_cerebro_hive}/OPC/cerebro-hive-website/apps/studio/components/ui/sheet.tsx,79,XIcon,[XIcon],,Missing,High,Unknown
tabs,D:/{MY_PROJECTS}/{OPC_cerebro_hive}/OPC/cerebro-hive-website/apps/studio/components/ui/tabs.tsx,15,TabsPrimitive.Root,[TabsPrimitive.Root],,Missing,High,Unknown
tabs,D:/{MY_PROJECTS}/{OPC_cerebro_hive}/OPC/cerebro-hive-website/apps/studio/components/ui/tabs.tsx,50,TabsPrimitive.List,[TabsPrimitive.List],,Missing,High,Unknown
tabs,D:/{MY_PROJECTS}/{OPC_cerebro_hive}/OPC/cerebro-hive-website/apps/studio/components/ui/tabs.tsx,64,TabsPrimitive.Trigger,[TabsPrimitive.Trigger],,Missing,High,Unknown
tabs,D:/{MY_PROJECTS}/{OPC_cerebro_hive}/OPC/cerebro-hive-website/apps/studio/components/ui/tabs.tsx,83,TabsPrimitive.Content,[TabsPrimitive.Content],,Missing,High,Unknown
TraceViewer,D:/{MY_PROJECTS}/{OPC_cerebro_hive}/OPC/cerebro-hive-website/apps/studio/components/workflow/TraceViewer.tsx,11,button,[Empty],,Missing,High,Unknown
TraceViewer,D:/{MY_PROJECTS}/{OPC_cerebro_hive}/OPC/cerebro-hive-website/apps/studio/components/workflow/TraceViewer.tsx,12,button,[Empty],,Missing,High,Unknown
WorkflowExplorer,D:/{MY_PROJECTS}/{OPC_cerebro_hive}/OPC/cerebro-hive-website/apps/studio/components/workflow/WorkflowExplorer.tsx,17,Link,[Empty],[Dynamic: `/app/workflows/${workflow.id}`],Valid,Low,Unknown
layout,D:/{MY_PROJECTS}/{OPC_cerebro_hive}/OPC/cerebro-hive-website/apps/studio/app/(auth)/layout.tsx,19,TrackedLink,[Icon/Image],/,Valid,Medium,OK
page,D:/{MY_PROJECTS}/{OPC_cerebro_hive}/OPC/cerebro-hive-website/apps/studio/app/about/page.tsx,155,TrackedLink,[Icon/Image],/contact,Valid,Medium,OK
page,D:/{MY_PROJECTS}/{OPC_cerebro_hive}/OPC/cerebro-hive-website/apps/studio/app/about/page.tsx,156,TrackedLink,[Empty],/services,Valid,Medium,OK
page,D:/{MY_PROJECTS}/{OPC_cerebro_hive}/OPC/cerebro-hive-website/apps/studio/app/about/page.tsx,107,Icon,[Icon],,Missing,High,Unknown
page,D:/{MY_PROJECTS}/{OPC_cerebro_hive}/OPC/cerebro-hive-website/apps/studio/app/academy/page.tsx,182,TrackedLink,[Icon/Image],[Dynamic: path.href],Valid,Medium,Unknown
page,D:/{MY_PROJECTS}/{OPC_cerebro_hive}/OPC/cerebro-hive-website/apps/studio/app/academy/page.tsx,224,TrackedButton,{dynamic},Handler: {() => setActiveTab(tab)},Action,Medium,Action
page,D:/{MY_PROJECTS}/{OPC_cerebro_hive}/OPC/cerebro-hive-website/apps/studio/app/academy/page.tsx,244,div,{dynamic},Handler: {() => { analytics.track({ eventName: 'click'  category: 'academy'  label: `Course Card — ${course.title}` }); setExpandedCourse(isExpanded ? null : course.id); }},Action,Medium,Action
page,D:/{MY_PROJECTS}/{OPC_cerebro_hive}/OPC/cerebro-hive-website/apps/studio/app/academy/page.tsx,271,div,[Icon/Image],Handler: {(e) => e.stopPropagation()},Action,Medium,Action
page,D:/{MY_PROJECTS}/{OPC_cerebro_hive}/OPC/cerebro-hive-website/apps/studio/app/academy/page.tsx,304,TrackedLink,[Icon/Image],/academy/courses,Valid,Medium,OK
page,D:/{MY_PROJECTS}/{OPC_cerebro_hive}/OPC/cerebro-hive-website/apps/studio/app/academy/page.tsx,345,TrackedLink,{dynamic},[Dynamic: bc.price === "Custom" ? "/contact" : "/academy/courses"],Valid,Medium,Unknown
page,D:/{MY_PROJECTS}/{OPC_cerebro_hive}/OPC/cerebro-hive-website/apps/studio/app/academy/page.tsx,411,TrackedButton,{dynamic},Handler: {() => handleQuizAnswer("role"  opt.val)},Action,Medium,Action
page,D:/{MY_PROJECTS}/{OPC_cerebro_hive}/OPC/cerebro-hive-website/apps/studio/app/academy/page.tsx,429,TrackedButton,{dynamic},Handler: {() => handleQuizAnswer("exp"  opt.val)},Action,Medium,Action
page,D:/{MY_PROJECTS}/{OPC_cerebro_hive}/OPC/cerebro-hive-website/apps/studio/app/academy/page.tsx,447,TrackedButton,{dynamic},Handler: {() => handleQuizAnswer("obj"  opt.val)},Action,Medium,Action
page,D:/{MY_PROJECTS}/{OPC_cerebro_hive}/OPC/cerebro-hive-website/apps/studio/app/academy/page.tsx,478,TrackedLink,[Icon/Image],/academy/learning-paths,Valid,Medium,OK
page,D:/{MY_PROJECTS}/{OPC_cerebro_hive}/OPC/cerebro-hive-website/apps/studio/app/academy/page.tsx,481,TrackedButton,[Empty],Handler: {resetQuiz},Action,Medium,Action
page,D:/{MY_PROJECTS}/{OPC_cerebro_hive}/OPC/cerebro-hive-website/apps/studio/app/academy/page.tsx,514,TrackedLink,[Icon/Image],/academy/courses,Valid,Medium,OK
page,D:/{MY_PROJECTS}/{OPC_cerebro_hive}/OPC/cerebro-hive-website/apps/studio/app/academy/page.tsx,517,TrackedLink,[Empty],/contact,Valid,Medium,OK
page,D:/{MY_PROJECTS}/{OPC_cerebro_hive}/OPC/cerebro-hive-website/apps/studio/app/academy/page.tsx,186,Icon,[Icon],,Missing,High,Unknown
page,D:/{MY_PROJECTS}/{OPC_cerebro_hive}/OPC/cerebro-hive-website/apps/studio/app/academy/page.tsx,249,Icon,[Icon],,Missing,High,Unknown
page,D:/{MY_PROJECTS}/{OPC_cerebro_hive}/OPC/cerebro-hive-website/apps/studio/app/careers/page.tsx,483,TrackedButton,[Icon/Image],Handler: {() => setSelectedRole(null)},Action,Medium,Action
page,D:/{MY_PROJECTS}/{OPC_cerebro_hive}/OPC/cerebro-hive-website/apps/studio/app/careers/page.tsx,628,TrackedLink,[Empty],#apply,Valid,Medium,Placeholder
page,D:/{MY_PROJECTS}/{OPC_cerebro_hive}/OPC/cerebro-hive-website/apps/studio/app/careers/page.tsx,662,TrackedLink,[Icon/Image],#apply,Valid,Medium,Placeholder
page,D:/{MY_PROJECTS}/{OPC_cerebro_hive}/OPC/cerebro-hive-website/apps/studio/app/careers/page.tsx,671,TrackedLink,[Empty],#organization,Valid,Medium,Placeholder
page,D:/{MY_PROJECTS}/{OPC_cerebro_hive}/OPC/cerebro-hive-website/apps/studio/app/careers/page.tsx,746,TrackedButton,{dynamic},Handler: {() => setActiveDept(dept.department)},Action,Medium,Action
page,D:/{MY_PROJECTS}/{OPC_cerebro_hive}/OPC/cerebro-hive-website/apps/studio/app/careers/page.tsx,791,div,[Icon/Image],Handler: {() => {                            analytics.track({ eventName: 'click'  category: 'careers'  label: `View Role: ${role.title}` });                            setSelectedRole(role);                          }},Action,Medium,Action
page,D:/{MY_PROJECTS}/{OPC_cerebro_hive}/OPC/cerebro-hive-website/apps/studio/app/careers/page.tsx,888,TrackedButton,{dynamic} {dynamic},,Missing,High,Unknown
page,D:/{MY_PROJECTS}/{OPC_cerebro_hive}/OPC/cerebro-hive-website/apps/studio/app/careers/page.tsx,970,TrackedButton,[Empty],Handler: {onReset},Action,Medium,Action
page,D:/{MY_PROJECTS}/{OPC_cerebro_hive}/OPC/cerebro-hive-website/apps/studio/app/careers/page.tsx,465,motion.div,[motion.div],Handler: {() => {                  analytics.track({ eventName: 'click'  category: 'careers'  label: 'Close Role Details Backdrop' });                  setSelectedRole(null);                }},Action,Medium,Action
page,D:/{MY_PROJECTS}/{OPC_cerebro_hive}/OPC/cerebro-hive-website/apps/studio/app/case-studies/page.tsx,89,TrackedLink,[Icon/Image],#studies,Valid,Medium,Placeholder
page,D:/{MY_PROJECTS}/{OPC_cerebro_hive}/OPC/cerebro-hive-website/apps/studio/app/case-studies/page.tsx,119,TrackedButton,{dynamic},Handler: {() => setActiveFilter(f)},Action,Medium,Action
page,D:/{MY_PROJECTS}/{OPC_cerebro_hive}/OPC/cerebro-hive-website/apps/studio/app/case-studies/page.tsx,132,TrackedLink,[Icon/Image],[Dynamic: cs.href],Valid,Medium,Unknown
page,D:/{MY_PROJECTS}/{OPC_cerebro_hive}/OPC/cerebro-hive-website/apps/studio/app/case-studies/page.tsx,170,TrackedLink,[Icon/Image],/contact,Valid,Medium,OK
page,D:/{MY_PROJECTS}/{OPC_cerebro_hive}/OPC/cerebro-hive-website/apps/studio/app/case-studies/page.tsx,173,TrackedLink,[Empty],/solutions,Valid,Medium,Broken (404)
page,D:/{MY_PROJECTS}/{OPC_cerebro_hive}/OPC/cerebro-hive-website/apps/studio/app/client-portal/page.tsx,271,TrackedButton,[Icon/Image],Handler: {() => setWorkspaceMode("enterprise")},Action,Medium,Action
page,D:/{MY_PROJECTS}/{OPC_cerebro_hive}/OPC/cerebro-hive-website/apps/studio/app/client-portal/page.tsx,293,TrackedButton,[Icon/Image],Handler: {() => setWorkspaceMode("free")},Action,Medium,Action
page,D:/{MY_PROJECTS}/{OPC_cerebro_hive}/OPC/cerebro-hive-website/apps/studio/app/client-portal/page.tsx,332,TrackedButton,[Icon/Image],Handler: {handleSignOut},Action,Medium,Action
page,D:/{MY_PROJECTS}/{OPC_cerebro_hive}/OPC/cerebro-hive-website/apps/studio/app/client-portal/page.tsx,376,TrackedButton,[Icon/Image],Handler: {handleSignOut},Action,Medium,Action
page,D:/{MY_PROJECTS}/{OPC_cerebro_hive}/OPC/cerebro-hive-website/apps/studio/app/client-portal/page.tsx,426,TrackedButton,[Icon/Image],Handler: {() => setActiveTab(tab.id as "projects" | "invoices" | "documents" | "support" | "reporting")},Action,Medium,Action
page,D:/{MY_PROJECTS}/{OPC_cerebro_hive}/OPC/cerebro-hive-website/apps/studio/app/client-portal/page.tsx,584,TrackedButton,[Icon/Image],Handler: {() => handleDownloadInvoice(inv.id)},Action,Medium,Action
page,D:/{MY_PROJECTS}/{OPC_cerebro_hive}/OPC/cerebro-hive-website/apps/studio/app/client-portal/page.tsx,618,TrackedButton,[Icon/Image],Handler: {() => handleDownloadDocument(doc.name)},Action,Medium,Action
page,D:/{MY_PROJECTS}/{OPC_cerebro_hive}/OPC/cerebro-hive-website/apps/studio/app/client-portal/page.tsx,693,TrackedButton,[Icon/Image],,Missing,High,Unknown
page,D:/{MY_PROJECTS}/{OPC_cerebro_hive}/OPC/cerebro-hive-website/apps/studio/app/client-portal/page.tsx,450,Icon,[Icon],,Missing,High,Unknown
page,D:/{MY_PROJECTS}/{OPC_cerebro_hive}/OPC/cerebro-hive-website/apps/studio/app/community/page.tsx,109,TrackedLink,{dynamic},[Dynamic: chan.href],Valid,Medium,Unknown
page,D:/{MY_PROJECTS}/{OPC_cerebro_hive}/OPC/cerebro-hive-website/apps/studio/app/community/page.tsx,144,TrackedLink,[Icon/Image],/academy,Valid,Medium,OK
page,D:/{MY_PROJECTS}/{OPC_cerebro_hive}/OPC/cerebro-hive-website/apps/studio/app/community/page.tsx,170,TrackedButton,[Icon/Image],,Missing,High,Unknown
page,D:/{MY_PROJECTS}/{OPC_cerebro_hive}/OPC/cerebro-hive-website/apps/studio/app/community/page.tsx,103,Icon,[Icon],,Missing,High,Unknown
page,D:/{MY_PROJECTS}/{OPC_cerebro_hive}/OPC/cerebro-hive-website/apps/studio/app/contact/page.tsx,162,TrackedButton,{dynamic} {dynamic},,Missing,High,Unknown
page,D:/{MY_PROJECTS}/{OPC_cerebro_hive}/OPC/cerebro-hive-website/apps/studio/app/contact/page.tsx,194,TrackedLink,[Icon/Image],https://calendly.com/cerebro-hive,Valid,Medium,External
page,D:/{MY_PROJECTS}/{OPC_cerebro_hive}/OPC/cerebro-hive-website/apps/studio/app/contact/page.tsx,222,TrackedLink,[Icon/Image],[Dynamic: `mailto:${ch.email}`],Valid,Medium,Unknown
layout,D:/{MY_PROJECTS}/{OPC_cerebro_hive}/OPC/cerebro-hive-website/apps/studio/app/developers/layout.tsx,51,TrackedLink,{dynamic},[Dynamic: item.href],Valid,Medium,Unknown
layout,D:/{MY_PROJECTS}/{OPC_cerebro_hive}/OPC/cerebro-hive-website/apps/studio/app/developers/layout.tsx,69,TrackedLink,[Empty],/community,Valid,Medium,OK
page,D:/{MY_PROJECTS}/{OPC_cerebro_hive}/OPC/cerebro-hive-website/apps/studio/app/developers/page.tsx,43,TrackedLink,[Icon/Image],/developers/api,Valid,Medium,Broken (404)
page,D:/{MY_PROJECTS}/{OPC_cerebro_hive}/OPC/cerebro-hive-website/apps/studio/app/developers/page.tsx,55,TrackedLink,[Icon/Image],/developers/architecture,Valid,Medium,OK
page,D:/{MY_PROJECTS}/{OPC_cerebro_hive}/OPC/cerebro-hive-website/apps/studio/app/developers/page.tsx,67,TrackedLink,[Icon/Image],/platform/os,Valid,Medium,OK
page,D:/{MY_PROJECTS}/{OPC_cerebro_hive}/OPC/cerebro-hive-website/apps/studio/app/handbook/page.tsx,117,TrackedButton,[Icon/Image],Handler: {() => setSidebarOpen(!sidebarOpen)},Action,Medium,Action
page,D:/{MY_PROJECTS}/{OPC_cerebro_hive}/OPC/cerebro-hive-website/apps/studio/app/handbook/page.tsx,120,TrackedButton,{dynamic},Handler: {() => setStoryMode(!storyMode)},Action,Medium,Action
page,D:/{MY_PROJECTS}/{OPC_cerebro_hive}/OPC/cerebro-hive-website/apps/studio/app/handbook/page.tsx,121,TrackedButton,[Icon/Image],,Missing,High,Unknown
page,D:/{MY_PROJECTS}/{OPC_cerebro_hive}/OPC/cerebro-hive-website/apps/studio/app/handbook/page.tsx,127,TrackedButton,[Icon/Image],Handler: {() => setSidebarOpen(false)},Action,Medium,Action
page,D:/{MY_PROJECTS}/{OPC_cerebro_hive}/OPC/cerebro-hive-website/apps/studio/app/handbook/page.tsx,130,TrackedButton,{dynamic} {dynamic},Handler: {() => select(section.id)},Action,Medium,Action
page,D:/{MY_PROJECTS}/{OPC_cerebro_hive}/OPC/cerebro-hive-website/apps/studio/app/handbook/page.tsx,132,TrackedButton,[Icon/Image],,Missing,High,Unknown
page,D:/{MY_PROJECTS}/{OPC_cerebro_hive}/OPC/cerebro-hive-website/apps/studio/app/handbook/page.tsx,132,TrackedButton,[Icon/Image],,Missing,High,Unknown
page,D:/{MY_PROJECTS}/{OPC_cerebro_hive}/OPC/cerebro-hive-website/apps/studio/app/handbook/page.tsx,138,TrackedButton,{dynamic},Handler: {() => select(result.id)},Action,Medium,Action
page,D:/{MY_PROJECTS}/{OPC_cerebro_hive}/OPC/cerebro-hive-website/apps/studio/app/handbook/page.tsx,141,TrackedButton,[Icon/Image],Handler: {() => document.getElementById("chapter-content")?.scrollIntoView({ behavior: "smooth" })},Action,Medium,Action
page,D:/{MY_PROJECTS}/{OPC_cerebro_hive}/OPC/cerebro-hive-website/apps/studio/app/handbook/page.tsx,141,TrackedButton,{dynamic},Handler: {toggleSaved},Action,Medium,Action
page,D:/{MY_PROJECTS}/{OPC_cerebro_hive}/OPC/cerebro-hive-website/apps/studio/app/handbook/page.tsx,146,TrackedButton,[Empty],Handler: {() => select(item.id)},Action,Medium,Action
page,D:/{MY_PROJECTS}/{OPC_cerebro_hive}/OPC/cerebro-hive-website/apps/studio/app/handbook/page.tsx,148,TrackedButton,[Icon/Image],Handler: {() => select(storyIds[activeIndex - 1])},Action,Medium,Action
page,D:/{MY_PROJECTS}/{OPC_cerebro_hive}/OPC/cerebro-hive-website/apps/studio/app/handbook/page.tsx,148,TrackedButton,[Icon/Image],Handler: {() => select(storyIds[activeIndex + 1])},Action,Medium,Action
page,D:/{MY_PROJECTS}/{OPC_cerebro_hive}/OPC/cerebro-hive-website/apps/studio/app/handbook/page.tsx,152,TrackedLink,{dynamic},#chapter-content,Valid,Medium,Placeholder
page,D:/{MY_PROJECTS}/{OPC_cerebro_hive}/OPC/cerebro-hive-website/apps/studio/app/handbook/page.tsx,154,TrackedButton,[Icon/Image],,Missing,High,Unknown
page,D:/{MY_PROJECTS}/{OPC_cerebro_hive}/OPC/cerebro-hive-website/apps/studio/app/handbook/page.tsx,130,Icon,[Icon],,Missing,High,Unknown
page,D:/{MY_PROJECTS}/{OPC_cerebro_hive}/OPC/cerebro-hive-website/apps/studio/app/handbook/page.tsx,134,TrackedButton,[TrackedButton],Handler: {() => setSidebarOpen(false)},Action,Medium,Action
page,D:/{MY_PROJECTS}/{OPC_cerebro_hive}/OPC/cerebro-hive-website/apps/studio/app/learn/page.tsx,130,TrackedButton,[Icon/Image],Handler: {handleReset},Action,Medium,Action
page,D:/{MY_PROJECTS}/{OPC_cerebro_hive}/OPC/cerebro-hive-website/apps/studio/app/learn/page.tsx,194,TrackedButton,[Icon/Image],Handler: {() => setActiveCertificate(course)},Action,Medium,Action
page,D:/{MY_PROJECTS}/{OPC_cerebro_hive}/OPC/cerebro-hive-website/apps/studio/app/learn/page.tsx,207,TrackedLink,[Icon/Image],/academy/courses,Valid,Medium,OK
page,D:/{MY_PROJECTS}/{OPC_cerebro_hive}/OPC/cerebro-hive-website/apps/studio/app/learn/page.tsx,267,TrackedLink,[Icon/Image],/academy/learning-paths,Valid,Medium,OK
page,D:/{MY_PROJECTS}/{OPC_cerebro_hive}/OPC/cerebro-hive-website/apps/studio/app/learn/page.tsx,293,TrackedButton,[Icon/Image],Handler: {() => setActiveCertificate(null)},Action,Medium,Action
page,D:/{MY_PROJECTS}/{OPC_cerebro_hive}/OPC/cerebro-hive-website/apps/studio/app/learn/page.tsx,157,Icon,[Icon],,Missing,High,Unknown
page,D:/{MY_PROJECTS}/{OPC_cerebro_hive}/OPC/cerebro-hive-website/apps/studio/app/platform/page.tsx,258,TrackedButton,{dynamic} {dynamic},Handler: {() => setCategory(c.id)},Action,Medium,Action
page,D:/{MY_PROJECTS}/{OPC_cerebro_hive}/OPC/cerebro-hive-website/apps/studio/app/platform/page.tsx,289,TrackedLink,[Icon/Image],[Dynamic: tile.href],Valid,Medium,Unknown
page,D:/{MY_PROJECTS}/{OPC_cerebro_hive}/OPC/cerebro-hive-website/apps/studio/app/platform/page.tsx,381,motion.div,{dynamic},Handler: {() => {                   analytics.track({ eventName: 'click'  category: 'platform'  label: `Architecture Layer: ${layer.tier}` });                   setActiveStack(activeStack === i ? null : i);                 }},Action,Medium,Action
page,D:/{MY_PROJECTS}/{OPC_cerebro_hive}/OPC/cerebro-hive-website/apps/studio/app/platform/page.tsx,593,TrackedLink,[Icon/Image],/contact,Valid,Medium,OK
page,D:/{MY_PROJECTS}/{OPC_cerebro_hive}/OPC/cerebro-hive-website/apps/studio/app/platform/page.tsx,596,TrackedLink,[Empty],/developers,Valid,Medium,OK
page,D:/{MY_PROJECTS}/{OPC_cerebro_hive}/OPC/cerebro-hive-website/apps/studio/app/platform/page.tsx,300,Icon,[Icon],,Missing,High,Unknown
page,D:/{MY_PROJECTS}/{OPC_cerebro_hive}/OPC/cerebro-hive-website/apps/studio/app/platform/page.tsx,442,Icon,[Icon],,Missing,High,Unknown
page,D:/{MY_PROJECTS}/{OPC_cerebro_hive}/OPC/cerebro-hive-website/apps/studio/app/prompts/page.tsx,16,button,[Empty],,Missing,High,Unknown
page,D:/{MY_PROJECTS}/{OPC_cerebro_hive}/OPC/cerebro-hive-website/apps/studio/app/prompts/page.tsx,26,Link,[Empty],[Dynamic: `/prompts/${prompt.id}`],Valid,Low,Unknown
page,D:/{MY_PROJECTS}/{OPC_cerebro_hive}/OPC/cerebro-hive-website/apps/studio/app/resources/page.tsx,89,TrackedLink,[Icon/Image],[Dynamic: hub.href],Valid,Medium,Unknown
page,D:/{MY_PROJECTS}/{OPC_cerebro_hive}/OPC/cerebro-hive-website/apps/studio/app/resources/page.tsx,123,TrackedLink,[Icon/Image],[Dynamic: f.href],Valid,Medium,Unknown
page,D:/{MY_PROJECTS}/{OPC_cerebro_hive}/OPC/cerebro-hive-website/apps/studio/app/resources/page.tsx,144,TrackedLink,[Icon/Image],/contact,Valid,Medium,OK
page,D:/{MY_PROJECTS}/{OPC_cerebro_hive}/OPC/cerebro-hive-website/apps/studio/app/services/page.tsx,68,TrackedLink,[Icon/Image],/contact,Valid,Medium,OK
page,D:/{MY_PROJECTS}/{OPC_cerebro_hive}/OPC/cerebro-hive-website/apps/studio/app/services/page.tsx,70,button,[Empty],,Missing,High,Unknown
page,D:/{MY_PROJECTS}/{OPC_cerebro_hive}/OPC/cerebro-hive-website/apps/studio/app/services/page.tsx,74,TrackedLink,[Empty],#capabilities,Valid,Medium,Placeholder
page,D:/{MY_PROJECTS}/{OPC_cerebro_hive}/OPC/cerebro-hive-website/apps/studio/app/services/page.tsx,138,TrackedLink,[Icon/Image],/contact,Valid,Medium,OK
page,D:/{MY_PROJECTS}/{OPC_cerebro_hive}/OPC/cerebro-hive-website/apps/studio/app/services/page.tsx,140,button,[Icon/Image],,Missing,High,Unknown
page,D:/{MY_PROJECTS}/{OPC_cerebro_hive}/OPC/cerebro-hive-website/apps/studio/app/services/page.tsx,102,ServiceCardProgressive,[ServiceCardProgressive],,Missing,High,Unknown
page,D:/{MY_PROJECTS}/{OPC_cerebro_hive}/OPC/cerebro-hive-website/apps/studio/app/sitemap/page.tsx,120,TrackedLink,[Icon/Image],[Dynamic: link.href],Valid,Medium,Unknown
page,D:/{MY_PROJECTS}/{OPC_cerebro_hive}/OPC/cerebro-hive-website/apps/studio/app/sitemap/page.tsx,151,TrackedLink,[Icon/Image],/sitemap.xml,Valid,Medium,Broken (404)
page,D:/{MY_PROJECTS}/{OPC_cerebro_hive}/OPC/cerebro-hive-website/apps/studio/app/sitemap/page.tsx,101,Icon,[Icon],,Missing,High,Unknown
ExecutiveDecisionCenter,D:/{MY_PROJECTS}/{OPC_cerebro_hive}/OPC/cerebro-hive-website/apps/studio/components/insights/v2/ExecutiveDecisionCenter.tsx,63,TrackedButton,{dynamic},Handler: {() => handleSelect('role'  role)},Action,Medium,Action
ExecutiveDecisionCenter,D:/{MY_PROJECTS}/{OPC_cerebro_hive}/OPC/cerebro-hive-website/apps/studio/components/insights/v2/ExecutiveDecisionCenter.tsx,79,TrackedButton,{dynamic},Handler: {() => handleSelect('industry'  ind)},Action,Medium,Action
ExecutiveDecisionCenter,D:/{MY_PROJECTS}/{OPC_cerebro_hive}/OPC/cerebro-hive-website/apps/studio/components/insights/v2/ExecutiveDecisionCenter.tsx,95,TrackedButton,{dynamic},Handler: {() => handleSelect('priority'  pri)},Action,Medium,Action
ExecutiveDecisionCenter,D:/{MY_PROJECTS}/{OPC_cerebro_hive}/OPC/cerebro-hive-website/apps/studio/components/insights/v2/ExecutiveDecisionCenter.tsx,122,TrackedButton,[Icon/Image],,Missing,High,Unknown
ExecutiveDecisionCenter,D:/{MY_PROJECTS}/{OPC_cerebro_hive}/OPC/cerebro-hive-website/apps/studio/components/insights/v2/ExecutiveDecisionCenter.tsx,125,TrackedButton,[Empty],Handler: {() => { setStep(1); setSelections({ role: ""  industry: ""  priority: "" }); }},Action,Medium,Action
FeaturedIntelligence,D:/{MY_PROJECTS}/{OPC_cerebro_hive}/OPC/cerebro-hive-website/apps/studio/components/insights/v2/FeaturedIntelligence.tsx,57,TrackedLink,[Icon/Image],/research,Valid,Medium,OK
IndustryIntelligence,D:/{MY_PROJECTS}/{OPC_cerebro_hive}/OPC/cerebro-hive-website/apps/studio/components/insights/v2/IndustryIntelligence.tsx,65,TrackedButton,[Icon/Image],Handler: {() => setActive(ind.id)},Action,Medium,Action
InsightsAssistant,D:/{MY_PROJECTS}/{OPC_cerebro_hive}/OPC/cerebro-hive-website/apps/studio/components/insights/v2/InsightsAssistant.tsx,36,TrackedButton,[Icon/Image],Handler: {() => setIsOpen(true)},Action,Medium,Action
InsightsAssistant,D:/{MY_PROJECTS}/{OPC_cerebro_hive}/OPC/cerebro-hive-website/apps/studio/components/insights/v2/InsightsAssistant.tsx,67,TrackedButton,[Icon/Image],Handler: {() => setIsOpen(false)},Action,Medium,Action
InsightsAssistant,D:/{MY_PROJECTS}/{OPC_cerebro_hive}/OPC/cerebro-hive-website/apps/studio/components/insights/v2/InsightsAssistant.tsx,96,TrackedButton,{dynamic},Handler: {() => setInput(action.label)},Action,Medium,Action
InsightsAssistant,D:/{MY_PROJECTS}/{OPC_cerebro_hive}/OPC/cerebro-hive-website/apps/studio/components/insights/v2/InsightsAssistant.tsx,119,TrackedButton,[Icon/Image],,Missing,High,Unknown
InsightsExplorer,D:/{MY_PROJECTS}/{OPC_cerebro_hive}/OPC/cerebro-hive-website/apps/studio/components/insights/v2/InsightsExplorer.tsx,53,TrackedButton,{dynamic},Handler: {() => setActiveLevel(level)},Action,Medium,Action
InsightsExplorer,D:/{MY_PROJECTS}/{OPC_cerebro_hive}/OPC/cerebro-hive-website/apps/studio/components/insights/v2/InsightsExplorer.tsx,88,TrackedButton,[Icon/Image],Handler: {() => setExpandedId(expandedId === insight.id ? null : insight.id)},Action,Medium,Action
InsightsExplorer,D:/{MY_PROJECTS}/{OPC_cerebro_hive}/OPC/cerebro-hive-website/apps/studio/components/insights/v2/InsightsExplorer.tsx,118,TrackedButton,{dynamic},Handler: {() => setActiveLevel(activeLevel === "30s" ? "5m" : "Full")},Action,Medium,Action
InsightsHero,D:/{MY_PROJECTS}/{OPC_cerebro_hive}/OPC/cerebro-hive-website/apps/studio/components/insights/v2/InsightsHero.tsx,59,TrackedButton,[Icon/Image],,Missing,High,Unknown
InsightsHero,D:/{MY_PROJECTS}/{OPC_cerebro_hive}/OPC/cerebro-hive-website/apps/studio/components/insights/v2/InsightsHero.tsx,63,TrackedButton,[Icon/Image],,Missing,High,Unknown
InteractiveReports,D:/{MY_PROJECTS}/{OPC_cerebro_hive}/OPC/cerebro-hive-website/apps/studio/components/insights/v2/InteractiveReports.tsx,44,div,[Icon/Image],Handler: {() => {                    analytics.track({ eventName: 'click'  category: 'insights'  label: report.title });                    setActiveReport(report);                    setActiveSection(report.sections[0]);                  }},Action,Medium,Action
InteractiveReports,D:/{MY_PROJECTS}/{OPC_cerebro_hive}/OPC/cerebro-hive-website/apps/studio/components/insights/v2/InteractiveReports.tsx,81,TrackedButton,[Icon/Image],,Missing,High,Unknown
InteractiveReports,D:/{MY_PROJECTS}/{OPC_cerebro_hive}/OPC/cerebro-hive-website/apps/studio/components/insights/v2/InteractiveReports.tsx,90,TrackedButton,{dynamic} {dynamic},Handler: {() => setActiveSection(sec)},Action,Medium,Action
InteractiveReports,D:/{MY_PROJECTS}/{OPC_cerebro_hive}/OPC/cerebro-hive-website/apps/studio/components/insights/v2/InteractiveReports.tsx,135,TrackedButton,[Empty],,Missing,High,Unknown
NewsletterCTA,D:/{MY_PROJECTS}/{OPC_cerebro_hive}/OPC/cerebro-hive-website/apps/studio/components/insights/v2/NewsletterCTA.tsx,50,TrackedButton,[Icon/Image],,Missing,High,Unknown
StrategyCanvas,D:/{MY_PROJECTS}/{OPC_cerebro_hive}/OPC/cerebro-hive-website/apps/studio/components/insights/v2/StrategyCanvas.tsx,33,TrackedButton,[Icon/Image],Handler: {handleGenerate},Action,Medium,Action
StrategyCanvas,D:/{MY_PROJECTS}/{OPC_cerebro_hive}/OPC/cerebro-hive-website/apps/studio/components/insights/v2/StrategyCanvas.tsx,67,TrackedButton,[Icon/Image],,Missing,High,Unknown
TrendRadar,D:/{MY_PROJECTS}/{OPC_cerebro_hive}/OPC/cerebro-hive-website/apps/studio/components/insights/v2/TrendRadar.tsx,52,TrackedButton,[Icon/Image],Handler: {() => setActiveTech(tech)},Action,Medium,Action
WeeklyBrief,D:/{MY_PROJECTS}/{OPC_cerebro_hive}/OPC/cerebro-hive-website/apps/studio/components/insights/v2/WeeklyBrief.tsx,86,TrackedLink,[Icon/Image],/contact,Valid,Medium,OK
IntelligentOrb,D:/{MY_PROJECTS}/{OPC_cerebro_hive}/OPC/cerebro-hive-website/apps/studio/components/motion/primitives/IntelligentOrb.tsx,98,motion.button,{dynamic},Handler: {handleClick},Action,Medium,Action
IntelligentOrb,D:/{MY_PROJECTS}/{OPC_cerebro_hive}/OPC/cerebro-hive-website/apps/studio/components/motion/primitives/IntelligentOrb.tsx,107,Icon,[Icon],,Missing,High,Unknown
LiveMetricsPanel,D:/{MY_PROJECTS}/{OPC_cerebro_hive}/OPC/cerebro-hive-website/apps/studio/components/architecture/overlays/LiveMetricsPanel.tsx,33,MetricCard,[MetricCard],,Missing,High,Unknown
LiveMetricsPanel,D:/{MY_PROJECTS}/{OPC_cerebro_hive}/OPC/cerebro-hive-website/apps/studio/components/architecture/overlays/LiveMetricsPanel.tsx,34,MetricCard,[MetricCard],,Missing,High,Unknown
LiveMetricsPanel,D:/{MY_PROJECTS}/{OPC_cerebro_hive}/OPC/cerebro-hive-website/apps/studio/components/architecture/overlays/LiveMetricsPanel.tsx,35,MetricCard,[MetricCard],,Missing,High,Unknown
LiveMetricsPanel,D:/{MY_PROJECTS}/{OPC_cerebro_hive}/OPC/cerebro-hive-website/apps/studio/components/architecture/overlays/LiveMetricsPanel.tsx,36,MetricCard,[MetricCard],,Missing,High,Unknown
IconSearch,D:/{MY_PROJECTS}/{OPC_cerebro_hive}/OPC/cerebro-hive-website/apps/studio/components/cerebro/icons/IconSearch.tsx,39,button,{dynamic},Handler: {() => onSelect?.(icon)},Action,Medium,Action
index,D:/{MY_PROJECTS}/{OPC_cerebro_hive}/OPC/cerebro-hive-website/apps/studio/components/cerebro/NeuralOrb/index.tsx,68,div,{dynamic} {dynamic} {dynamic} {dynamic} {dynamic} {dynamic} {dynamic} {dynamic} {dynamic},Handler: {onClick},Action,Medium,Action
CareersPreview,D:/{MY_PROJECTS}/{OPC_cerebro_hive}/OPC/cerebro-hive-website/apps/studio/components/company/contact/CareersPreview.tsx,95,TrackedButton,[Icon/Image],,Missing,High,Unknown
CareersPreview,D:/{MY_PROJECTS}/{OPC_cerebro_hive}/OPC/cerebro-hive-website/apps/studio/components/company/contact/CareersPreview.tsx,111,motion.div,{dynamic},Handler: {() => {                        analytics.track({ eventName: 'click'  category: 'careers'  label: domain.domain });                        setActiveDomain(domain);                      }},Action,Medium,Action
CareersPreview,D:/{MY_PROJECTS}/{OPC_cerebro_hive}/OPC/cerebro-hive-website/apps/studio/components/company/contact/CareersPreview.tsx,225,TrackedButton,[Icon/Image],Handler: {handleClose},Action,Medium,Action
CareersPreview,D:/{MY_PROJECTS}/{OPC_cerebro_hive}/OPC/cerebro-hive-website/apps/studio/components/company/contact/CareersPreview.tsx,298,TrackedButton,{dynamic},,Missing,High,Unknown
CareersPreview,D:/{MY_PROJECTS}/{OPC_cerebro_hive}/OPC/cerebro-hive-website/apps/studio/components/company/contact/CareersPreview.tsx,135,Icon,[Icon],,Missing,High,Unknown
CareersPreview,D:/{MY_PROJECTS}/{OPC_cerebro_hive}/OPC/cerebro-hive-website/apps/studio/components/company/contact/CareersPreview.tsx,198,motion.div,[motion.div],Handler: {() => {                  analytics.track({ eventName: 'click'  category: 'careers'  label: 'Close inspector backdrop' });                  handleClose();                }},Action,Medium,Action
CareersPreview,D:/{MY_PROJECTS}/{OPC_cerebro_hive}/OPC/cerebro-hive-website/apps/studio/components/company/contact/CareersPreview.tsx,221,DomainIcon,[DomainIcon],,Missing,High,Unknown
CTA,D:/{MY_PROJECTS}/{OPC_cerebro_hive}/OPC/cerebro-hive-website/apps/studio/components/company/contact/CTA.tsx,159,AnimatedButton,[Icon/Image],,Missing,High,Unknown
CTA,D:/{MY_PROJECTS}/{OPC_cerebro_hive}/OPC/cerebro-hive-website/apps/studio/components/company/contact/CTA.tsx,167,AnimatedButton,[Empty],,Missing,High,Unknown
CTA,D:/{MY_PROJECTS}/{OPC_cerebro_hive}/OPC/cerebro-hive-website/apps/studio/components/company/contact/CTA.tsx,129,CommandCenterBackground,[CommandCenterBackground],,Missing,High,Unknown
Headquarters,D:/{MY_PROJECTS}/{OPC_cerebro_hive}/OPC/cerebro-hive-website/apps/studio/components/company/contact/Headquarters.tsx,318,TrackedLink,[Empty],mailto:enterprise@cerebrohive.com,Valid,Medium,External
Headquarters,D:/{MY_PROJECTS}/{OPC_cerebro_hive}/OPC/cerebro-hive-website/apps/studio/components/company/contact/Headquarters.tsx,349,TrackedButton,[Icon/Image],,Missing,High,Unknown
EnterpriseTrustCenter,D:/{MY_PROJECTS}/{OPC_cerebro_hive}/OPC/cerebro-hive-website/apps/studio/components/company/ecosystem/EnterpriseTrustCenter.tsx,170,ArchIcon,[ArchIcon],,Missing,High,Unknown
EnterpriseTrustCenter,D:/{MY_PROJECTS}/{OPC_cerebro_hive}/OPC/cerebro-hive-website/apps/studio/components/company/ecosystem/EnterpriseTrustCenter.tsx,201,Icon,[Icon],,Missing,High,Unknown
GlobalPresenceMap,D:/{MY_PROJECTS}/{OPC_cerebro_hive}/OPC/cerebro-hive-website/apps/studio/components/company/ecosystem/GlobalPresenceMap.tsx,49,TrackedButton,[Icon/Image],Handler: {() => setActiveRegion(office)},Action,Medium,Action
CompanyHero,D:/{MY_PROJECTS}/{OPC_cerebro_hive}/OPC/cerebro-hive-website/apps/studio/components/company/hero/CompanyHero.tsx,138,TrackedButton,[Icon/Image],,Missing,High,Unknown
CompanyHero,D:/{MY_PROJECTS}/{OPC_cerebro_hive}/OPC/cerebro-hive-website/apps/studio/components/company/hero/CompanyHero.tsx,142,TrackedButton,[Empty],,Missing,High,Unknown
CEOMessage,D:/{MY_PROJECTS}/{OPC_cerebro_hive}/OPC/cerebro-hive-website/apps/studio/components/company/leadership/CEOMessage.tsx,188,TrackedButton,[Icon/Image],Handler: {() => setIsExpanded(true)},Action,Medium,Action
CompanySidebar,D:/{MY_PROJECTS}/{OPC_cerebro_hive}/OPC/cerebro-hive-website/apps/studio/components/company/navigation/CompanySidebar.tsx,267,TrackedButton,{dynamic} {dynamic} {dynamic} {dynamic},Handler: {() => isFolder ? toggleFolder(node.id) : scrollToId(node.id)},Action,Medium,Action
CompanySidebar,D:/{MY_PROJECTS}/{OPC_cerebro_hive}/OPC/cerebro-hive-website/apps/studio/components/company/navigation/CompanySidebar.tsx,352,TrackedButton,{dynamic},Handler: {() => setExplorerMode(false)},Action,Medium,Action
CompanySidebar,D:/{MY_PROJECTS}/{OPC_cerebro_hive}/OPC/cerebro-hive-website/apps/studio/components/company/navigation/CompanySidebar.tsx,361,TrackedButton,{dynamic},Handler: {() => setExplorerMode(true)},Action,Medium,Action
CompanySidebar,D:/{MY_PROJECTS}/{OPC_cerebro_hive}/OPC/cerebro-hive-website/apps/studio/components/company/navigation/CompanySidebar.tsx,440,TrackedButton,[Icon/Image],Handler: {() => scrollToId(chapter.id)},Action,Medium,Action
CoreValuesBento,D:/{MY_PROJECTS}/{OPC_cerebro_hive}/OPC/cerebro-hive-website/apps/studio/components/company/story/CoreValuesBento.tsx,117,CultureCard,[CultureCard],,Missing,High,Unknown
CultureCard,D:/{MY_PROJECTS}/{OPC_cerebro_hive}/OPC/cerebro-hive-website/apps/studio/components/company/story/CultureCard.tsx,112,Icon,[Icon],,Missing,High,Unknown
VisionMission,D:/{MY_PROJECTS}/{OPC_cerebro_hive}/OPC/cerebro-hive-website/apps/studio/components/company/story/VisionMission.tsx,253,VisionIcon,[VisionIcon],,Missing,High,Unknown
VisionMission,D:/{MY_PROJECTS}/{OPC_cerebro_hive}/OPC/cerebro-hive-website/apps/studio/components/company/story/VisionMission.tsx,342,Icon,[Icon],,Missing,High,Unknown
CompanyCTA,D:/{MY_PROJECTS}/{OPC_cerebro_hive}/OPC/cerebro-hive-website/apps/studio/components/company/v3/CompanyCTA.tsx,25,TrackedLink,[Icon/Image],/contact,Valid,Medium,OK
CompanyCTA,D:/{MY_PROJECTS}/{OPC_cerebro_hive}/OPC/cerebro-hive-website/apps/studio/components/company/v3/CompanyCTA.tsx,36,TrackedLink,[Empty],/careers,Valid,Medium,OK
CompanyHero,D:/{MY_PROJECTS}/{OPC_cerebro_hive}/OPC/cerebro-hive-website/apps/studio/components/company/v3/CompanyHero.tsx,55,motion.button,[Icon/Image],Handler: {scrollToNext},Action,Medium,Action
CompanySidebarV3,D:/{MY_PROJECTS}/{OPC_cerebro_hive}/OPC/cerebro-hive-website/apps/studio/components/company/v3/CompanySidebarV3.tsx,58,TrackedButton,[Icon/Image],Handler: {() => scrollTo(chapter.id)},Action,Medium,Action
EnterpriseProof,D:/{MY_PROJECTS}/{OPC_cerebro_hive}/OPC/cerebro-hive-website/apps/studio/components/company/v3/EnterpriseProof.tsx,34,TrackedButton,[Icon/Image],Handler: {() => setActiveCategory(cat.id)},Action,Medium,Action
EnterpriseProof,D:/{MY_PROJECTS}/{OPC_cerebro_hive}/OPC/cerebro-hive-website/apps/studio/components/company/v3/EnterpriseProof.tsx,67,TrackedButton,{dynamic},,Missing,High,Unknown
LivingTimeline,D:/{MY_PROJECTS}/{OPC_cerebro_hive}/OPC/cerebro-hive-website/apps/studio/components/company/v3/LivingTimeline.tsx,34,TrackedButton,[Icon/Image],Handler: {() => setActiveIndex(i)},Action,Medium,Action
LivingTimeline,D:/{MY_PROJECTS}/{OPC_cerebro_hive}/OPC/cerebro-hive-website/apps/studio/components/company/v3/LivingTimeline.tsx,82,TrackedButton,[TrackedButton],Handler: {() => setActiveIndex(i)},Action,Medium,Action
OriginStory,D:/{MY_PROJECTS}/{OPC_cerebro_hive}/OPC/cerebro-hive-website/apps/studio/components/company/v3/OriginStory.tsx,76,TrackedButton,[Icon/Image],Handler: {() => setActiveStep(idx)},Action,Medium,Action
OriginStory,D:/{MY_PROJECTS}/{OPC_cerebro_hive}/OPC/cerebro-hive-website/apps/studio/components/company/v3/OriginStory.tsx,112,StepIcon,[StepIcon],,Missing,High,Unknown
AIAgentShowcase,D:/{MY_PROJECTS}/{OPC_cerebro_hive}/OPC/cerebro-hive-website/apps/studio/components/home/v2/AIAgentShowcase.tsx,81,TrackedButton,{dynamic},Handler: {() => setActiveIndustry(ind)},Action,Medium,Action
AICapabilityGrid,D:/{MY_PROJECTS}/{OPC_cerebro_hive}/OPC/cerebro-hive-website/apps/studio/components/home/v2/AICapabilityGrid.tsx,34,GlassCard,[Empty],,Missing,High,Unknown
ArchitectureSection,D:/{MY_PROJECTS}/{OPC_cerebro_hive}/OPC/cerebro-hive-website/apps/studio/components/home/v2/ArchitectureSection.tsx,411,tech.Icon,[tech.Icon],,Missing,High,Unknown
HeroSection,D:/{MY_PROJECTS}/{OPC_cerebro_hive}/OPC/cerebro-hive-website/apps/studio/components/home/v2/HeroSection.tsx,39,AnimatedButton,[Empty],,Missing,High,Unknown
HeroSection,D:/{MY_PROJECTS}/{OPC_cerebro_hive}/OPC/cerebro-hive-website/apps/studio/components/home/v2/HeroSection.tsx,42,AnimatedButton,[Empty],,Missing,High,Unknown
Industries,D:/{MY_PROJECTS}/{OPC_cerebro_hive}/OPC/cerebro-hive-website/apps/studio/components/home/v2/Industries.tsx,257,motion.div,{dynamic} {dynamic},Handler: {() => {                   if (!isFocused) {                     analytics.track({ eventName: 'click'  category: 'industries'  label: ind.name });                     setFocusedId(ind.id);                   }                 }},Action,Medium,Action
Industries,D:/{MY_PROJECTS}/{OPC_cerebro_hive}/OPC/cerebro-hive-website/apps/studio/components/home/v2/Industries.tsx,317,TrackedButton,[Icon/Image],Handler: {(e) => { e.stopPropagation(); setFocusedId(null); }},Action,Medium,Action
Industries,D:/{MY_PROJECTS}/{OPC_cerebro_hive}/OPC/cerebro-hive-website/apps/studio/components/home/v2/Industries.tsx,457,motion.button,[Icon/Image],Handler: {() => analytics.track({ eventName: 'click'  category: 'industries'  label: ind.cta })},Action,Medium,Action
ResearchSection,D:/{MY_PROJECTS}/{OPC_cerebro_hive}/OPC/cerebro-hive-website/apps/studio/components/home/v2/ResearchSection.tsx,23,AnimatedButton,[Empty],,Missing,High,Unknown
Services,D:/{MY_PROJECTS}/{OPC_cerebro_hive}/OPC/cerebro-hive-website/apps/studio/components/home/v2/Services.tsx,194,svc.TitleIcon,[svc.TitleIcon],,Missing,High,Unknown
Services,D:/{MY_PROJECTS}/{OPC_cerebro_hive}/OPC/cerebro-hive-website/apps/studio/components/home/v2/Services.tsx,220,svc.FooterIcon,[svc.FooterIcon],,Missing,High,Unknown
TechStack,D:/{MY_PROJECTS}/{OPC_cerebro_hive}/OPC/cerebro-hive-website/apps/studio/components/home/v2/TechStack.tsx,160,TrackedButton,{dynamic},Handler: {() => { setActiveFilter(filter); setSearchQuery(""); }},Action,Medium,Action
WhyCerebroHive,D:/{MY_PROJECTS}/{OPC_cerebro_hive}/OPC/cerebro-hive-website/apps/studio/components/home/v2/WhyCerebroHive.tsx,181,div,{dynamic} {dynamic},Handler: {() => {                       analytics.track({ eventName: "click"  category: "why-cerebrohive"  label: `Timeline stage: ${stage.title}` });                       document.getElementById(`stage-${stage.id}`)?.scrollIntoView({ behavior: "smooth"  block: "center" });                     }},Action,Medium,Action
WhyCerebroHive,D:/{MY_PROJECTS}/{OPC_cerebro_hive}/OPC/cerebro-hive-website/apps/studio/components/home/v2/WhyCerebroHive.tsx,295,TrackedButton,[Icon/Image],,Missing,High,Unknown
EnterpriseSimulator,D:/{MY_PROJECTS}/{OPC_cerebro_hive}/OPC/cerebro-hive-website/apps/studio/components/home/v3/EnterpriseSimulator.tsx,80,TrackedButton,{dynamic},Handler: {() => handleSelect('industry'  ind)},Action,Medium,Action
EnterpriseSimulator,D:/{MY_PROJECTS}/{OPC_cerebro_hive}/OPC/cerebro-hive-website/apps/studio/components/home/v3/EnterpriseSimulator.tsx,96,TrackedButton,{dynamic},Handler: {() => handleSelect('erp'  erp)},Action,Medium,Action
EnterpriseSimulator,D:/{MY_PROJECTS}/{OPC_cerebro_hive}/OPC/cerebro-hive-website/apps/studio/components/home/v3/EnterpriseSimulator.tsx,112,TrackedButton,{dynamic},Handler: {() => handleSelect('maturity'  mat)},Action,Medium,Action
EnterpriseSimulator,D:/{MY_PROJECTS}/{OPC_cerebro_hive}/OPC/cerebro-hive-website/apps/studio/components/home/v3/EnterpriseSimulator.tsx,145,TrackedButton,[Icon/Image],,Missing,High,Unknown
EnterpriseSimulator,D:/{MY_PROJECTS}/{OPC_cerebro_hive}/OPC/cerebro-hive-website/apps/studio/components/home/v3/EnterpriseSimulator.tsx,188,TrackedButton,[Icon/Image],,Missing,High,Unknown
EnterpriseSimulator,D:/{MY_PROJECTS}/{OPC_cerebro_hive}/OPC/cerebro-hive-website/apps/studio/components/home/v3/EnterpriseSimulator.tsx,191,TrackedButton,[Empty],Handler: {() => { setGenerated(false); setStep(1); setSelections({ industry: ""  erp: ""  maturity: "" }); }},Action,Medium,Action
HomeHero,D:/{MY_PROJECTS}/{OPC_cerebro_hive}/OPC/cerebro-hive-website/apps/studio/components/home/v3/HomeHero.tsx,97,TrackedLink,[Icon/Image],/products,Valid,Medium,OK
HomeHero,D:/{MY_PROJECTS}/{OPC_cerebro_hive}/OPC/cerebro-hive-website/apps/studio/components/home/v3/HomeHero.tsx,98,button,[Icon/Image],,Missing,High,Unknown
HomeHero,D:/{MY_PROJECTS}/{OPC_cerebro_hive}/OPC/cerebro-hive-website/apps/studio/components/home/v3/HomeHero.tsx,102,TrackedLink,[Empty],/research,Valid,Medium,OK
HomeHero,D:/{MY_PROJECTS}/{OPC_cerebro_hive}/OPC/cerebro-hive-website/apps/studio/components/home/v3/HomeHero.tsx,103,button,[Empty],,Missing,High,Unknown
HomeHero,D:/{MY_PROJECTS}/{OPC_cerebro_hive}/OPC/cerebro-hive-website/apps/studio/components/home/v3/HomeHero.tsx,127,StageIcon,[StageIcon],,Missing,High,Unknown
HumanProof,D:/{MY_PROJECTS}/{OPC_cerebro_hive}/OPC/cerebro-hive-website/apps/studio/components/home/v3/HumanProof.tsx,62,TrackedButton,[Icon/Image],Handler: {() => setActiveCase(c)},Action,Medium,Action
HumanProof,D:/{MY_PROJECTS}/{OPC_cerebro_hive}/OPC/cerebro-hive-website/apps/studio/components/home/v3/HumanProof.tsx,135,TrackedButton,[Icon/Image],,Missing,High,Unknown
IntegratedPlatform,D:/{MY_PROJECTS}/{OPC_cerebro_hive}/OPC/cerebro-hive-website/apps/studio/components/home/v3/IntegratedPlatform.tsx,55,TrackedLink,[Icon/Image],[Dynamic: prod.href],Valid,Medium,Unknown
LivingArchitecture,D:/{MY_PROJECTS}/{OPC_cerebro_hive}/OPC/cerebro-hive-website/apps/studio/components/home/v3/LivingArchitecture.tsx,88,TrackedButton,[Icon/Image],Handler: {() => setActiveLayer(layer.id)},Action,Medium,Action
LivingArchitecture,D:/{MY_PROJECTS}/{OPC_cerebro_hive}/OPC/cerebro-hive-website/apps/studio/components/home/v3/LivingArchitecture.tsx,157,TrackedLink,[Empty],/developers/architecture,Valid,Medium,OK
LivingDigitalTwin,D:/{MY_PROJECTS}/{OPC_cerebro_hive}/OPC/cerebro-hive-website/apps/studio/components/home/v3/LivingDigitalTwin.tsx,61,TrackedButton,[Empty],Handler: {() => setActiveId(wf.id)},Action,Medium,Action
ResearchHighlights,D:/{MY_PROJECTS}/{OPC_cerebro_hive}/OPC/cerebro-hive-website/apps/studio/components/home/v3/ResearchHighlights.tsx,46,TrackedButton,[Empty],,Missing,High,Unknown
ResearchHighlights,D:/{MY_PROJECTS}/{OPC_cerebro_hive}/OPC/cerebro-hive-website/apps/studio/components/home/v3/ResearchHighlights.tsx,80,item.productIcon,[item.productIcon],,Missing,High,Unknown
TransformationRoadmap,D:/{MY_PROJECTS}/{OPC_cerebro_hive}/OPC/cerebro-hive-website/apps/studio/components/home/v3/TransformationRoadmap.tsx,91,div,[Icon/Image],Handler: {() => {                    analytics.track({ eventName: "click"  category: "roadmap"  label: phase.title });                    setActivePhase(phase);                  }},Action,Medium,Action
TransformationRoadmap,D:/{MY_PROJECTS}/{OPC_cerebro_hive}/OPC/cerebro-hive-website/apps/studio/components/home/v3/TransformationRoadmap.tsx,141,TrackedLink,[Icon/Image],/contact,Valid,Medium,OK
TransformationRoadmap,D:/{MY_PROJECTS}/{OPC_cerebro_hive}/OPC/cerebro-hive-website/apps/studio/components/home/v3/TransformationRoadmap.tsx,142,button,[Icon/Image],,Missing,High,Unknown
TransformationRoadmap,D:/{MY_PROJECTS}/{OPC_cerebro_hive}/OPC/cerebro-hive-website/apps/studio/components/home/v3/TransformationRoadmap.tsx,146,TrackedLink,[Empty],/services,Valid,Medium,OK
TransformationRoadmap,D:/{MY_PROJECTS}/{OPC_cerebro_hive}/OPC/cerebro-hive-website/apps/studio/components/home/v3/TransformationRoadmap.tsx,147,button,[Empty],,Missing,High,Unknown
EnterprisePlatformCTA,D:/{MY_PROJECTS}/{OPC_cerebro_hive}/OPC/cerebro-hive-website/apps/studio/components/home/v4-os/EnterprisePlatformCTA.tsx,42,TrackedLink,[Icon/Image],/platform/live-runtime,Valid,Medium,OK
EnterpriseTransformation,D:/{MY_PROJECTS}/{OPC_cerebro_hive}/OPC/cerebro-hive-website/apps/studio/components/home/v4-os/EnterpriseTransformation.tsx,31,TrackedButton,[Empty],Handler: {() => setActiveIndex(idx)},Action,Medium,Action
ExecutiveDecisionPlatform,D:/{MY_PROJECTS}/{OPC_cerebro_hive}/OPC/cerebro-hive-website/apps/studio/components/home/v4-os/ExecutiveDecisionPlatform.tsx,35,TrackedLink,[Empty],[Dynamic: action.href],Valid,Medium,Unknown
ExecutiveDecisionPlatform,D:/{MY_PROJECTS}/{OPC_cerebro_hive}/OPC/cerebro-hive-website/apps/studio/components/home/v4-os/ExecutiveDecisionPlatform.tsx,60,TrackedLink,[Empty],/products/cerebro-archive,Valid,Medium,OK
ExecutiveDecisionPlatform,D:/{MY_PROJECTS}/{OPC_cerebro_hive}/OPC/cerebro-hive-website/apps/studio/components/home/v4-os/ExecutiveDecisionPlatform.tsx,61,TrackedLink,[Empty],/research,Valid,Medium,OK
ExecutiveDecisionPlatform,D:/{MY_PROJECTS}/{OPC_cerebro_hive}/OPC/cerebro-hive-website/apps/studio/components/home/v4-os/ExecutiveDecisionPlatform.tsx,62,TrackedLink,[Empty],/legal/security,Valid,Medium,OK
ExecutiveDecisionPlatform,D:/{MY_PROJECTS}/{OPC_cerebro_hive}/OPC/cerebro-hive-website/apps/studio/components/home/v4-os/ExecutiveDecisionPlatform.tsx,63,TrackedLink,[Empty],/tools/solution-finder,Valid,Medium,OK
ExecutiveDecisionPlatform,D:/{MY_PROJECTS}/{OPC_cerebro_hive}/OPC/cerebro-hive-website/apps/studio/components/home/v4-os/ExecutiveDecisionPlatform.tsx,64,TrackedLink,[Empty],/platform/live-runtime,Valid,Medium,OK
KnowledgePlatform,D:/{MY_PROJECTS}/{OPC_cerebro_hive}/OPC/cerebro-hive-website/apps/studio/components/home/v4-os/KnowledgePlatform.tsx,19,TrackedLink,[Empty],/research,Valid,Medium,OK
KnowledgePlatform,D:/{MY_PROJECTS}/{OPC_cerebro_hive}/OPC/cerebro-hive-website/apps/studio/components/home/v4-os/KnowledgePlatform.tsx,26,TrackedLink,[Empty],/research,Valid,Medium,OK
OsHero,D:/{MY_PROJECTS}/{OPC_cerebro_hive}/OPC/cerebro-hive-website/apps/studio/components/home/v4-os/OsHero.tsx,142,TrackedLink,[Icon/Image],/platform/live-runtime,Valid,Medium,OK
OsHero,D:/{MY_PROJECTS}/{OPC_cerebro_hive}/OPC/cerebro-hive-website/apps/studio/components/home/v4-os/OsHero.tsx,153,TrackedLink,[Icon/Image],/platform/os,Valid,Medium,OK
OsHero,D:/{MY_PROJECTS}/{OPC_cerebro_hive}/OPC/cerebro-hive-website/apps/studio/components/home/v4-os/OsHero.tsx,157,TrackedLink,[Icon/Image],/contact,Valid,Medium,OK
OsHero,D:/{MY_PROJECTS}/{OPC_cerebro_hive}/OPC/cerebro-hive-website/apps/studio/components/home/v4-os/OsHero.tsx,179,TrackedButton,{dynamic} {dynamic} {dynamic},Handler: {() => handleStepClick(i)},Action,Medium,Action
OsHero,D:/{MY_PROJECTS}/{OPC_cerebro_hive}/OPC/cerebro-hive-website/apps/studio/components/home/v4-os/OsHero.tsx,240,TrackedButton,{dynamic},Handler: {() => setExpanded((e) => !e)},Action,Medium,Action
OsHero,D:/{MY_PROJECTS}/{OPC_cerebro_hive}/OPC/cerebro-hive-website/apps/studio/components/home/v4-os/OsHero.tsx,209,Icon,[Icon],,Missing,High,Unknown
OsHero,D:/{MY_PROJECTS}/{OPC_cerebro_hive}/OPC/cerebro-hive-website/apps/studio/components/home/v4-os/OsHero.tsx,235,ActiveIcon,[ActiveIcon],,Missing,High,Unknown
PlatformArchitecture,D:/{MY_PROJECTS}/{OPC_cerebro_hive}/OPC/cerebro-hive-website/apps/studio/components/home/v4-os/PlatformArchitecture.tsx,124,TrackedLink,[Icon/Image],[Dynamic: layer.href],Valid,Medium,Unknown
PlatformArchitecture,D:/{MY_PROJECTS}/{OPC_cerebro_hive}/OPC/cerebro-hive-website/apps/studio/components/home/v4-os/PlatformArchitecture.tsx,172,TrackedLink,[Icon/Image],/platform/live-runtime,Valid,Medium,OK
PlatformArchitecture,D:/{MY_PROJECTS}/{OPC_cerebro_hive}/OPC/cerebro-hive-website/apps/studio/components/home/v4-os/PlatformArchitecture.tsx,182,TrackedLink,[Empty],/developers/architecture,Valid,Medium,OK
AgentEcosystem,D:/{MY_PROJECTS}/{OPC_cerebro_hive}/OPC/cerebro-hive-website/apps/studio/components/industries/engine/AgentEcosystem.tsx,47,motion.div,[Empty],Handler: {() => {                       analytics.track({ eventName: "click"  category: "industry-explorer"  label: agent.name });                       setSelectedAgent(agent);                     }},Action,Medium,Action
AgentEcosystem,D:/{MY_PROJECTS}/{OPC_cerebro_hive}/OPC/cerebro-hive-website/apps/studio/components/industries/engine/AgentEcosystem.tsx,95,TrackedButton,[Icon/Image],Handler: {() => setSelectedAgent(null)},Action,Medium,Action
ArchitectureViewer,D:/{MY_PROJECTS}/{OPC_cerebro_hive}/OPC/cerebro-hive-website/apps/studio/components/industries/engine/ArchitectureViewer.tsx,93,Icon,[Icon],,Missing,High,Unknown
ChallengeExplorer,D:/{MY_PROJECTS}/{OPC_cerebro_hive}/OPC/cerebro-hive-website/apps/studio/components/industries/engine/ChallengeExplorer.tsx,230,TrackedButton,[Icon/Image],,Missing,High,Unknown
ChallengeExplorer,D:/{MY_PROJECTS}/{OPC_cerebro_hive}/OPC/cerebro-hive-website/apps/studio/components/industries/engine/ChallengeExplorer.tsx,132,Icon,[Icon],,Missing,High,Unknown
ComplianceEngine,D:/{MY_PROJECTS}/{OPC_cerebro_hive}/OPC/cerebro-hive-website/apps/studio/components/industries/engine/ComplianceEngine.tsx,21,HoverCard,{dynamic} {dynamic},,Missing,High,Unknown
EnterpriseDigitalTwin,D:/{MY_PROJECTS}/{OPC_cerebro_hive}/OPC/cerebro-hive-website/apps/studio/components/industries/engine/EnterpriseDigitalTwin.tsx,118,TrackedButton,[Icon/Image],Handler: {() => {                   setViewMode(view.id);                   setSelectedNodeId(null);                 }},Action,Medium,Action
EnterpriseDigitalTwin,D:/{MY_PROJECTS}/{OPC_cerebro_hive}/OPC/cerebro-hive-website/apps/studio/components/industries/engine/EnterpriseDigitalTwin.tsx,155,HoverCard,[Empty],,Missing,High,Unknown
EnterpriseDigitalTwin,D:/{MY_PROJECTS}/{OPC_cerebro_hive}/OPC/cerebro-hive-website/apps/studio/components/industries/engine/EnterpriseDigitalTwin.tsx,163,HoverCard,[Icon/Image],,Missing,High,Unknown
EnterpriseDigitalTwin,D:/{MY_PROJECTS}/{OPC_cerebro_hive}/OPC/cerebro-hive-website/apps/studio/components/industries/engine/EnterpriseDigitalTwin.tsx,184,TrackedButton,{dynamic} {dynamic},Handler: {() => setSelectedNodeId(node.id === selectedNodeId ? null : node.id)},Action,Medium,Action
EnterpriseDigitalTwin,D:/{MY_PROJECTS}/{OPC_cerebro_hive}/OPC/cerebro-hive-website/apps/studio/components/industries/engine/EnterpriseDigitalTwin.tsx,250,HoverCard,[Empty],,Missing,High,Unknown
IndustryHero,D:/{MY_PROJECTS}/{OPC_cerebro_hive}/OPC/cerebro-hive-website/apps/studio/components/industries/engine/IndustryHero.tsx,59,TrackedLink,[Empty],/developers/architecture,Valid,Medium,OK
IndustryHero,D:/{MY_PROJECTS}/{OPC_cerebro_hive}/OPC/cerebro-hive-website/apps/studio/components/industries/engine/IndustryHero.tsx,60,AnimatedButton,{dynamic},,Missing,High,Unknown
IndustryHero,D:/{MY_PROJECTS}/{OPC_cerebro_hive}/OPC/cerebro-hive-website/apps/studio/components/industries/engine/IndustryHero.tsx,62,TrackedLink,[Empty],/contact,Valid,Medium,OK
IndustryHero,D:/{MY_PROJECTS}/{OPC_cerebro_hive}/OPC/cerebro-hive-website/apps/studio/components/industries/engine/IndustryHero.tsx,63,AnimatedButton,{dynamic},,Missing,High,Unknown
SolutionExplorer,D:/{MY_PROJECTS}/{OPC_cerebro_hive}/OPC/cerebro-hive-website/apps/studio/components/industries/engine/SolutionExplorer.tsx,84,TrackedButton,[Icon/Image],Handler: {() => setActiveSolution(i)},Action,Medium,Action
CapabilityGrid,D:/{MY_PROJECTS}/{OPC_cerebro_hive}/OPC/cerebro-hive-website/apps/studio/components/platform/hiveforge/CapabilityGrid.tsx,34,button,[Empty],Handler: {() => action.execute({})},Action,Medium,Action
CommandPalette,D:/{MY_PROJECTS}/{OPC_cerebro_hive}/OPC/cerebro-hive-website/apps/studio/components/platform/hiveforge/CommandPalette.tsx,62,button,[Empty],Handler: {async () => {                    setIsOpen(false);                    await action.execute({});                  }},Action,Medium,Action
IntelligenceAgents,D:/{MY_PROJECTS}/{OPC_cerebro_hive}/OPC/cerebro-hive-website/apps/studio/components/platform/hiveforge/IntelligenceAgents.tsx,35,button,[Empty],,Missing,High,Unknown
IntelligenceAgents,D:/{MY_PROJECTS}/{OPC_cerebro_hive}/OPC/cerebro-hive-website/apps/studio/components/platform/hiveforge/IntelligenceAgents.tsx,38,button,[Empty],,Missing,High,Unknown
Copilot,D:/{MY_PROJECTS}/{OPC_cerebro_hive}/OPC/cerebro-hive-website/apps/studio/components/platform/hiveops/Copilot.tsx,20,button,[Icon/Image],Handler: {() => setIsOpen(true)},Action,Medium,Action
Copilot,D:/{MY_PROJECTS}/{OPC_cerebro_hive}/OPC/cerebro-hive-website/apps/studio/components/platform/hiveops/Copilot.tsx,47,button,[Icon/Image],Handler: {() => setIsOpen(false)},Action,Medium,Action
Copilot,D:/{MY_PROJECTS}/{OPC_cerebro_hive}/OPC/cerebro-hive-website/apps/studio/components/platform/hiveops/Copilot.tsx,70,button,{dynamic},,Missing,High,Unknown
Copilot,D:/{MY_PROJECTS}/{OPC_cerebro_hive}/OPC/cerebro-hive-website/apps/studio/components/platform/hiveops/Copilot.tsx,91,button,[Icon/Image],,Missing,High,Unknown
MetricCard,D:/{MY_PROJECTS}/{OPC_cerebro_hive}/OPC/cerebro-hive-website/apps/studio/components/platform/hiveops/MetricCard.tsx,79,Icon,[Icon],,Missing,High,Unknown
Recommendations,D:/{MY_PROJECTS}/{OPC_cerebro_hive}/OPC/cerebro-hive-website/apps/studio/components/platform/hiveops/Recommendations.tsx,51,button,[Icon/Image],,Missing,High,Unknown
Sidebar,D:/{MY_PROJECTS}/{OPC_cerebro_hive}/OPC/cerebro-hive-website/apps/studio/components/platform/hiveops/Sidebar.tsx,138,Link,{dynamic},[Dynamic: item.href],Valid,Low,Unknown
Topbar,D:/{MY_PROJECTS}/{OPC_cerebro_hive}/OPC/cerebro-hive-website/apps/studio/components/platform/hiveops/Topbar.tsx,35,button,[Icon/Image],,Missing,High,Unknown
AgentOSBackendConsole,D:/{MY_PROJECTS}/{OPC_cerebro_hive}/OPC/cerebro-hive-website/apps/studio/components/platform/live-runtime/AgentOSBackendConsole.tsx,266,TrackedButton,[Empty],Handler: {bootstrap},Action,Medium,Action
AgentOSBackendConsole,D:/{MY_PROJECTS}/{OPC_cerebro_hive}/OPC/cerebro-hive-website/apps/studio/components/platform/live-runtime/AgentOSBackendConsole.tsx,280,TrackedButton,[Empty],Handler: {() => setSelectedSlug(agent.slug)},Action,Medium,Action
AgentOSBackendConsole,D:/{MY_PROJECTS}/{OPC_cerebro_hive}/OPC/cerebro-hive-website/apps/studio/components/platform/live-runtime/AgentOSBackendConsole.tsx,310,TrackedButton,{dynamic},Handler: {execute},Action,Medium,Action
AgentOSBackendConsole,D:/{MY_PROJECTS}/{OPC_cerebro_hive}/OPC/cerebro-hive-website/apps/studio/components/platform/live-runtime/AgentOSBackendConsole.tsx,369,TrackedButton,[Empty],Handler: {() => decide(a.id  "approve")},Action,Medium,Action
AgentOSBackendConsole,D:/{MY_PROJECTS}/{OPC_cerebro_hive}/OPC/cerebro-hive-website/apps/studio/components/platform/live-runtime/AgentOSBackendConsole.tsx,372,TrackedButton,[Empty],Handler: {() => decide(a.id  "reject")},Action,Medium,Action
AgentOSBackendGate,D:/{MY_PROJECTS}/{OPC_cerebro_hive}/OPC/cerebro-hive-website/apps/studio/components/platform/live-runtime/AgentOSBackendGate.tsx,58,TrackedButton,[Icon/Image],Handler: {enter},Action,Medium,Action
AgentOSBackendGate,D:/{MY_PROJECTS}/{OPC_cerebro_hive}/OPC/cerebro-hive-website/apps/studio/components/platform/live-runtime/AgentOSBackendGate.tsx,79,TrackedButton,[Empty],Handler: {() => {            setUnlocked(false);            setSecretInput("");            setAdminSecret(undefined);          }},Action,Medium,Action
AgentOSLiveRuntime,D:/{MY_PROJECTS}/{OPC_cerebro_hive}/OPC/cerebro-hive-website/apps/studio/components/platform/live-runtime/AgentOSLiveRuntime.tsx,91,TrackedButton,[Icon/Image],Handler: {handleReset},Action,Medium,Action
AgentOSLiveRuntime,D:/{MY_PROJECTS}/{OPC_cerebro_hive}/OPC/cerebro-hive-website/apps/studio/components/platform/live-runtime/AgentOSLiveRuntime.tsx,105,TrackedButton,{dynamic},Handler: {() => {                  setInput(ex.value);                  handleRun(ex.value);                }},Action,Medium,Action
AgentOSLiveRuntime,D:/{MY_PROJECTS}/{OPC_cerebro_hive}/OPC/cerebro-hive-website/apps/studio/components/platform/live-runtime/AgentOSLiveRuntime.tsx,130,TrackedButton,{dynamic} {dynamic},Handler: {() => handleRun()},Action,Medium,Action
AgentOSLiveRuntime,D:/{MY_PROJECTS}/{OPC_cerebro_hive}/OPC/cerebro-hive-website/apps/studio/components/platform/live-runtime/AgentOSLiveRuntime.tsx,266,Icon,[Icon],,Missing,High,Unknown
AgentOSPlatformConsole,D:/{MY_PROJECTS}/{OPC_cerebro_hive}/OPC/cerebro-hive-website/apps/studio/components/platform/live-runtime/AgentOSPlatformConsole.tsx,106,TrackedButton,{dynamic},Handler: {() => setTab(t.id)},Action,Medium,Action
AgentOSPlatformConsole,D:/{MY_PROJECTS}/{OPC_cerebro_hive}/OPC/cerebro-hive-website/apps/studio/components/platform/live-runtime/AgentOSPlatformConsole.tsx,187,Card,{dynamic},,Missing,High,Unknown
AgentOSPlatformConsole,D:/{MY_PROJECTS}/{OPC_cerebro_hive}/OPC/cerebro-hive-website/apps/studio/components/platform/live-runtime/AgentOSPlatformConsole.tsx,190,TrackedButton,{dynamic},Handler: {load},Action,Medium,Action
AgentOSPlatformConsole,D:/{MY_PROJECTS}/{OPC_cerebro_hive}/OPC/cerebro-hive-website/apps/studio/components/platform/live-runtime/AgentOSPlatformConsole.tsx,305,Card,[Icon/Image],,Missing,High,Unknown
AgentOSPlatformConsole,D:/{MY_PROJECTS}/{OPC_cerebro_hive}/OPC/cerebro-hive-website/apps/studio/components/platform/live-runtime/AgentOSPlatformConsole.tsx,320,TrackedButton,{dynamic},Handler: {createPolicy},Action,Medium,Action
AgentOSPlatformConsole,D:/{MY_PROJECTS}/{OPC_cerebro_hive}/OPC/cerebro-hive-website/apps/studio/components/platform/live-runtime/AgentOSPlatformConsole.tsx,336,Card,[Empty],,Missing,High,Unknown
AgentOSPlatformConsole,D:/{MY_PROJECTS}/{OPC_cerebro_hive}/OPC/cerebro-hive-website/apps/studio/components/platform/live-runtime/AgentOSPlatformConsole.tsx,381,Card,{dynamic},,Missing,High,Unknown
AgentOSPlatformConsole,D:/{MY_PROJECTS}/{OPC_cerebro_hive}/OPC/cerebro-hive-website/apps/studio/components/platform/live-runtime/AgentOSPlatformConsole.tsx,388,TrackedButton,{dynamic},Handler: {run},Action,Medium,Action
AgentOSPlatformConsole,D:/{MY_PROJECTS}/{OPC_cerebro_hive}/OPC/cerebro-hive-website/apps/studio/components/platform/live-runtime/AgentOSPlatformConsole.tsx,454,Card,{dynamic},,Missing,High,Unknown
AgentOSPlatformConsole,D:/{MY_PROJECTS}/{OPC_cerebro_hive}/OPC/cerebro-hive-website/apps/studio/components/platform/live-runtime/AgentOSPlatformConsole.tsx,458,TrackedButton,{dynamic},Handler: {() => toggle(s)},Action,Medium,Action
AgentOSPlatformConsole,D:/{MY_PROJECTS}/{OPC_cerebro_hive}/OPC/cerebro-hive-website/apps/studio/components/platform/live-runtime/AgentOSPlatformConsole.tsx,471,TrackedButton,{dynamic},Handler: {run},Action,Medium,Action
AgentOSPlatformConsole,D:/{MY_PROJECTS}/{OPC_cerebro_hive}/OPC/cerebro-hive-website/apps/studio/components/platform/live-runtime/AgentOSPlatformConsole.tsx,528,Card,{dynamic},,Missing,High,Unknown
AgentOSPlatformConsole,D:/{MY_PROJECTS}/{OPC_cerebro_hive}/OPC/cerebro-hive-website/apps/studio/components/platform/live-runtime/AgentOSPlatformConsole.tsx,531,TrackedButton,{dynamic},Handler: {runForecast},Action,Medium,Action
AgentOSPlatformConsole,D:/{MY_PROJECTS}/{OPC_cerebro_hive}/OPC/cerebro-hive-website/apps/studio/components/platform/live-runtime/AgentOSPlatformConsole.tsx,541,Card,{dynamic},,Missing,High,Unknown
AgentOSPlatformConsole,D:/{MY_PROJECTS}/{OPC_cerebro_hive}/OPC/cerebro-hive-website/apps/studio/components/platform/live-runtime/AgentOSPlatformConsole.tsx,546,TrackedButton,{dynamic},Handler: {runOptimize},Action,Medium,Action
AgentOSPlatformConsole,D:/{MY_PROJECTS}/{OPC_cerebro_hive}/OPC/cerebro-hive-website/apps/studio/components/platform/live-runtime/AgentOSPlatformConsole.tsx,594,Card,{dynamic},,Missing,High,Unknown
AgentOSPlatformConsole,D:/{MY_PROJECTS}/{OPC_cerebro_hive}/OPC/cerebro-hive-website/apps/studio/components/platform/live-runtime/AgentOSPlatformConsole.tsx,604,TrackedButton,{dynamic},Handler: {run},Action,Medium,Action
ProductCoreCapabilities,D:/{MY_PROJECTS}/{OPC_cerebro_hive}/OPC/cerebro-hive-website/apps/studio/components/products/sections/ProductCoreCapabilities.tsx,14,Icon,[Icon],,Missing,High,Unknown
ProductCTA,D:/{MY_PROJECTS}/{OPC_cerebro_hive}/OPC/cerebro-hive-website/apps/studio/components/products/sections/ProductCTA.tsx,31,TrackedLink,[Empty],/contact,Valid,Medium,OK
ProductCTA,D:/{MY_PROJECTS}/{OPC_cerebro_hive}/OPC/cerebro-hive-website/apps/studio/components/products/sections/ProductCTA.tsx,37,AnimatedButton,[Empty],,Missing,High,Unknown
ProductCTA,D:/{MY_PROJECTS}/{OPC_cerebro_hive}/OPC/cerebro-hive-website/apps/studio/components/products/sections/ProductCTA.tsx,42,TrackedLink,[Empty],[Dynamic: product.apiReference],Valid,Medium,Unknown
ProductCTA,D:/{MY_PROJECTS}/{OPC_cerebro_hive}/OPC/cerebro-hive-website/apps/studio/components/products/sections/ProductCTA.tsx,48,AnimatedButton,[Empty],,Missing,High,Unknown
ProductDeveloperExperience,D:/{MY_PROJECTS}/{OPC_cerebro_hive}/OPC/cerebro-hive-website/apps/studio/components/products/sections/ProductDeveloperExperience.tsx,72,TrackedLink,[Empty],[Dynamic: product.apiReference],Valid,Medium,Unknown
ProductDeveloperExperience,D:/{MY_PROJECTS}/{OPC_cerebro_hive}/OPC/cerebro-hive-website/apps/studio/components/products/sections/ProductDeveloperExperience.tsx,73,AnimatedButton,[Empty],,Missing,High,Unknown
ProductFAQ,D:/{MY_PROJECTS}/{OPC_cerebro_hive}/OPC/cerebro-hive-website/apps/studio/components/products/sections/ProductFAQ.tsx,26,TrackedButton,[Icon/Image],Handler: {() => setOpenIndex(openIndex === i ? null : i)},Action,Medium,Action
ProductHero,D:/{MY_PROJECTS}/{OPC_cerebro_hive}/OPC/cerebro-hive-website/apps/studio/components/products/sections/ProductHero.tsx,58,TrackedLink,[Empty],/contact,Valid,Medium,OK
ProductHero,D:/{MY_PROJECTS}/{OPC_cerebro_hive}/OPC/cerebro-hive-website/apps/studio/components/products/sections/ProductHero.tsx,59,AnimatedButton,[Empty],,Missing,High,Unknown
ProductHero,D:/{MY_PROJECTS}/{OPC_cerebro_hive}/OPC/cerebro-hive-website/apps/studio/components/products/sections/ProductHero.tsx,64,TrackedLink,[Empty],[Dynamic: product.apiReference],Valid,Medium,Unknown
ProductHero,D:/{MY_PROJECTS}/{OPC_cerebro_hive}/OPC/cerebro-hive-website/apps/studio/components/products/sections/ProductHero.tsx,65,AnimatedButton,[Empty],,Missing,High,Unknown
ProductIntegrationEcosystem,D:/{MY_PROJECTS}/{OPC_cerebro_hive}/OPC/cerebro-hive-website/apps/studio/components/products/sections/ProductIntegrationEcosystem.tsx,57,TrackedLink,[Icon/Image],[Dynamic: `/platform/${cap.slug}`],Valid,Medium,Unknown
ProductIntegrationEcosystem,D:/{MY_PROJECTS}/{OPC_cerebro_hive}/OPC/cerebro-hive-website/apps/studio/components/products/sections/ProductIntegrationEcosystem.tsx,85,TrackedLink,[Icon/Image],[Dynamic: `/services/${srv.slug}`],Valid,Medium,Unknown
AgentGallery,D:/{MY_PROJECTS}/{OPC_cerebro_hive}/OPC/cerebro-hive-website/apps/studio/components/products/v2/AgentGallery.tsx,75,TrackedButton,{dynamic},Handler: {() => setActiveAgent(agent.id)},Action,Medium,Action
ArchitectureStudio,D:/{MY_PROJECTS}/{OPC_cerebro_hive}/OPC/cerebro-hive-website/apps/studio/components/products/v2/ArchitectureStudio.tsx,98,TrackedButton,[Icon/Image],Handler: {() => handleSelect(option)},Action,Medium,Action
ArchitectureStudio,D:/{MY_PROJECTS}/{OPC_cerebro_hive}/OPC/cerebro-hive-website/apps/studio/components/products/v2/ArchitectureStudio.tsx,158,TrackedButton,[Icon/Image],,Missing,High,Unknown
ArchitectureStudio,D:/{MY_PROJECTS}/{OPC_cerebro_hive}/OPC/cerebro-hive-website/apps/studio/components/products/v2/ArchitectureStudio.tsx,161,TrackedButton,[Empty],,Missing,High,Unknown
ArchitectureStudio,D:/{MY_PROJECTS}/{OPC_cerebro_hive}/OPC/cerebro-hive-website/apps/studio/components/products/v2/ArchitectureStudio.tsx,214,TrackedButton,[Empty],Handler: {reset},Action,Medium,Action
ArchitectureStudio,D:/{MY_PROJECTS}/{OPC_cerebro_hive}/OPC/cerebro-hive-website/apps/studio/components/products/v2/ArchitectureStudio.tsx,91,StepIcon,[StepIcon],,Missing,High,Unknown
EcosystemArchitectureDiagram,D:/{MY_PROJECTS}/{OPC_cerebro_hive}/OPC/cerebro-hive-website/apps/studio/components/products/v2/EcosystemArchitectureDiagram.tsx,132,TrackedLink,{dynamic},[Dynamic: m.href],Valid,Medium,Unknown
EnterpriseIntegrations,D:/{MY_PROJECTS}/{OPC_cerebro_hive}/OPC/cerebro-hive-website/apps/studio/components/products/v2/EnterpriseIntegrations.tsx,75,TrackedButton,{dynamic},Handler: {() => setActiveIntegration(integration.id)},Action,Medium,Action
MethodologyVisualizer,D:/{MY_PROJECTS}/{OPC_cerebro_hive}/OPC/cerebro-hive-website/apps/studio/components/products/v2/MethodologyVisualizer.tsx,86,div,[Icon/Image],Handler: {() => {                     analytics.track({ eventName: "phase_select"  category: "products_methodology"  label: phase.label });                     setActivePhase(i);                   }},Action,Medium,Action
MethodologyVisualizer,D:/{MY_PROJECTS}/{OPC_cerebro_hive}/OPC/cerebro-hive-website/apps/studio/components/products/v2/MethodologyVisualizer.tsx,130,TrackedButton,[Icon/Image],Handler: {() => setActivePhase(Math.max(0  activePhase - 1))},Action,Medium,Action
MethodologyVisualizer,D:/{MY_PROJECTS}/{OPC_cerebro_hive}/OPC/cerebro-hive-website/apps/studio/components/products/v2/MethodologyVisualizer.tsx,140,TrackedButton,[Icon/Image],Handler: {() => setActivePhase(Math.min(phases.length - 1  activePhase + 1))},Action,Medium,Action
MethodologyVisualizer,D:/{MY_PROJECTS}/{OPC_cerebro_hive}/OPC/cerebro-hive-website/apps/studio/components/products/v2/MethodologyVisualizer.tsx,155,TrackedLink,[Icon/Image],[Dynamic: phases[activePhase].deliverableHref],Valid,Medium,Unknown
MethodologyVisualizer,D:/{MY_PROJECTS}/{OPC_cerebro_hive}/OPC/cerebro-hive-website/apps/studio/components/products/v2/MethodologyVisualizer.tsx,163,DeliverableIcon,[DeliverableIcon],,Missing,High,Unknown
PlatformActionDemo,D:/{MY_PROJECTS}/{OPC_cerebro_hive}/OPC/cerebro-hive-website/apps/studio/components/products/v2/PlatformActionDemo.tsx,118,TrackedButton,[Empty],Handler: {() => setActiveStep(0)},Action,Medium,Action
PlatformCTA,D:/{MY_PROJECTS}/{OPC_cerebro_hive}/OPC/cerebro-hive-website/apps/studio/components/products/v2/PlatformCTA.tsx,42,TrackedButton,[Icon/Image],,Missing,High,Unknown
PlatformCTA,D:/{MY_PROJECTS}/{OPC_cerebro_hive}/OPC/cerebro-hive-website/apps/studio/components/products/v2/PlatformCTA.tsx,46,TrackedButton,[Empty],,Missing,High,Unknown
PlatformExplorer,D:/{MY_PROJECTS}/{OPC_cerebro_hive}/OPC/cerebro-hive-website/apps/studio/components/products/v2/PlatformExplorer.tsx,117,TrackedButton,[Icon/Image],Handler: {() => setViewMode("business")},Action,Medium,Action
PlatformExplorer,D:/{MY_PROJECTS}/{OPC_cerebro_hive}/OPC/cerebro-hive-website/apps/studio/components/products/v2/PlatformExplorer.tsx,125,TrackedButton,[Icon/Image],Handler: {() => setViewMode("technical")},Action,Medium,Action
PlatformExplorer,D:/{MY_PROJECTS}/{OPC_cerebro_hive}/OPC/cerebro-hive-website/apps/studio/components/products/v2/PlatformExplorer.tsx,141,TrackedButton,[Icon/Image],Handler: {() => setActiveTab(p.id)},Action,Medium,Action
PlatformHero,D:/{MY_PROJECTS}/{OPC_cerebro_hive}/OPC/cerebro-hive-website/apps/studio/components/products/v2/PlatformHero.tsx,83,TrackedLink,[Icon/Image],/contact,Valid,Medium,OK
PlatformHero,D:/{MY_PROJECTS}/{OPC_cerebro_hive}/OPC/cerebro-hive-website/apps/studio/components/products/v2/PlatformHero.tsx,93,TrackedLink,[Empty],/developers/architecture,Valid,Medium,OK
PlatformHero,D:/{MY_PROJECTS}/{OPC_cerebro_hive}/OPC/cerebro-hive-website/apps/studio/components/products/v2/PlatformHero.tsx,119,TrackedButton,[Icon/Image],Handler: {() => setActiveDept(dept.id)},Action,Medium,Action
ProductsEcosystemPage,D:/{MY_PROJECTS}/{OPC_cerebro_hive}/OPC/cerebro-hive-website/apps/studio/components/products/v2/ProductsEcosystemPage.tsx,146,TrackedLink,[Icon/Image],/contact,Valid,Medium,OK
ProductsEcosystemPage,D:/{MY_PROJECTS}/{OPC_cerebro_hive}/OPC/cerebro-hive-website/apps/studio/components/products/v2/ProductsEcosystemPage.tsx,149,TrackedLink,[Empty],/platform,Valid,Medium,OK
ProductsEcosystemPage,D:/{MY_PROJECTS}/{OPC_cerebro_hive}/OPC/cerebro-hive-website/apps/studio/components/products/v2/ProductsEcosystemPage.tsx,258,TrackedLink,{dynamic},[Dynamic: `/products/${product.slug}`],Valid,Medium,Unknown
ProductsEcosystemPage,D:/{MY_PROJECTS}/{OPC_cerebro_hive}/OPC/cerebro-hive-website/apps/studio/components/products/v2/ProductsEcosystemPage.tsx,274,TrackedLink,[Icon/Image],[Dynamic: `/products/${product.slug}`],Valid,Medium,Unknown
ProductsEcosystemPage,D:/{MY_PROJECTS}/{OPC_cerebro_hive}/OPC/cerebro-hive-website/apps/studio/components/products/v2/ProductsEcosystemPage.tsx,307,TrackedLink,[Icon/Image],[Dynamic: `/products/${product.slug}`],Valid,Medium,Unknown
ProductsEcosystemPage,D:/{MY_PROJECTS}/{OPC_cerebro_hive}/OPC/cerebro-hive-website/apps/studio/components/products/v2/ProductsEcosystemPage.tsx,338,TrackedLink,[Icon/Image],[Dynamic: `/products/${product.slug}`],Valid,Medium,Unknown
ProductsEcosystemPage,D:/{MY_PROJECTS}/{OPC_cerebro_hive}/OPC/cerebro-hive-website/apps/studio/components/products/v2/ProductsEcosystemPage.tsx,368,TrackedLink,[Icon/Image],[Dynamic: `/products/${product.slug}`],Valid,Medium,Unknown
ProductsEcosystemPage,D:/{MY_PROJECTS}/{OPC_cerebro_hive}/OPC/cerebro-hive-website/apps/studio/components/products/v2/ProductsEcosystemPage.tsx,397,TrackedLink,[Icon/Image],[Dynamic: `/products/${product.slug}`],Valid,Medium,Unknown
ProductsEcosystemPage,D:/{MY_PROJECTS}/{OPC_cerebro_hive}/OPC/cerebro-hive-website/apps/studio/components/products/v2/ProductsEcosystemPage.tsx,540,TrackedLink,[Icon/Image],/contact,Valid,Medium,OK
ProductsEcosystemPage,D:/{MY_PROJECTS}/{OPC_cerebro_hive}/OPC/cerebro-hive-website/apps/studio/components/products/v2/ProductsEcosystemPage.tsx,543,TrackedLink,[Empty],/platform,Valid,Medium,OK
ProductsEcosystemPage,D:/{MY_PROJECTS}/{OPC_cerebro_hive}/OPC/cerebro-hive-website/apps/studio/components/products/v2/ProductsEcosystemPage.tsx,242,Icon,[Icon],,Missing,High,Unknown
ProductsEcosystemPage,D:/{MY_PROJECTS}/{OPC_cerebro_hive}/OPC/cerebro-hive-website/apps/studio/components/products/v2/ProductsEcosystemPage.tsx,283,Icon,[Icon],,Missing,High,Unknown
ProductsEcosystemPage,D:/{MY_PROJECTS}/{OPC_cerebro_hive}/OPC/cerebro-hive-website/apps/studio/components/products/v2/ProductsEcosystemPage.tsx,316,Icon,[Icon],,Missing,High,Unknown
ProductsEcosystemPage,D:/{MY_PROJECTS}/{OPC_cerebro_hive}/OPC/cerebro-hive-website/apps/studio/components/products/v2/ProductsEcosystemPage.tsx,347,Icon,[Icon],,Missing,High,Unknown
ProductsEcosystemPage,D:/{MY_PROJECTS}/{OPC_cerebro_hive}/OPC/cerebro-hive-website/apps/studio/components/products/v2/ProductsEcosystemPage.tsx,377,Icon,[Icon],,Missing,High,Unknown
ProductsEcosystemPage,D:/{MY_PROJECTS}/{OPC_cerebro_hive}/OPC/cerebro-hive-website/apps/studio/components/products/v2/ProductsEcosystemPage.tsx,406,Icon,[Icon],,Missing,High,Unknown
ProductsEcosystemPage,D:/{MY_PROJECTS}/{OPC_cerebro_hive}/OPC/cerebro-hive-website/apps/studio/components/products/v2/ProductsEcosystemPage.tsx,509,Icon,[Icon],,Missing,High,Unknown
BenchmarkLab,D:/{MY_PROJECTS}/{OPC_cerebro_hive}/OPC/cerebro-hive-website/apps/studio/components/research/v2/BenchmarkLab.tsx,47,TrackedButton,[Icon/Image],Handler: {() => setActiveTask(task.id)},Action,Medium,Action
DeveloperResources,D:/{MY_PROJECTS}/{OPC_cerebro_hive}/OPC/cerebro-hive-website/apps/studio/components/research/v2/DeveloperResources.tsx,29,TrackedLink,[Icon/Image],/platform/live-runtime,Valid,Medium,OK
DeveloperResources,D:/{MY_PROJECTS}/{OPC_cerebro_hive}/OPC/cerebro-hive-website/apps/studio/components/research/v2/DeveloperResources.tsx,42,TrackedLink,[Icon/Image],[Dynamic: res.href],Valid,Medium,Unknown
ExperimentGallery,D:/{MY_PROJECTS}/{OPC_cerebro_hive}/OPC/cerebro-hive-website/apps/studio/components/research/v2/ExperimentGallery.tsx,106,TrackedButton,[Empty],,Missing,High,Unknown
ExperimentGallery,D:/{MY_PROJECTS}/{OPC_cerebro_hive}/OPC/cerebro-hive-website/apps/studio/components/research/v2/ExperimentGallery.tsx,107,TrackedButton,[Icon/Image],,Missing,High,Unknown
FeaturedResearch,D:/{MY_PROJECTS}/{OPC_cerebro_hive}/OPC/cerebro-hive-website/apps/studio/components/research/v2/FeaturedResearch.tsx,30,TrackedLink,[Icon/Image],#research-archive,Valid,Medium,Placeholder
FeaturedResearch,D:/{MY_PROJECTS}/{OPC_cerebro_hive}/OPC/cerebro-hive-website/apps/studio/components/research/v2/FeaturedResearch.tsx,38,TrackedLink,[Icon/Image],#research-archive,Valid,Medium,Placeholder
FeaturedResearch,D:/{MY_PROJECTS}/{OPC_cerebro_hive}/OPC/cerebro-hive-website/apps/studio/components/research/v2/FeaturedResearch.tsx,73,TrackedLink,[Empty],#research-archive,Valid,Medium,Placeholder
IndustryResearch,D:/{MY_PROJECTS}/{OPC_cerebro_hive}/OPC/cerebro-hive-website/apps/studio/components/research/v2/IndustryResearch.tsx,84,TrackedLink,[Icon/Image],[Dynamic: `/industries/${ind.id}`],Valid,Medium,Unknown
OpenSourceProjects,D:/{MY_PROJECTS}/{OPC_cerebro_hive}/OPC/cerebro-hive-website/apps/studio/components/research/v2/OpenSourceProjects.tsx,54,TrackedLink,[Empty],[Dynamic: GITHUB_ORG],Valid,Medium,Unknown
OpenSourceProjects,D:/{MY_PROJECTS}/{OPC_cerebro_hive}/OPC/cerebro-hive-website/apps/studio/components/research/v2/OpenSourceProjects.tsx,67,TrackedLink,[Icon/Image],[Dynamic: GITHUB_ORG],Valid,Medium,Unknown
ResearchAssistant,D:/{MY_PROJECTS}/{OPC_cerebro_hive}/OPC/cerebro-hive-website/apps/studio/components/research/v2/ResearchAssistant.tsx,36,TrackedButton,[Icon/Image],Handler: {() => setIsOpen(true)},Action,Medium,Action
ResearchAssistant,D:/{MY_PROJECTS}/{OPC_cerebro_hive}/OPC/cerebro-hive-website/apps/studio/components/research/v2/ResearchAssistant.tsx,67,TrackedButton,[Icon/Image],Handler: {() => setIsOpen(false)},Action,Medium,Action
ResearchAssistant,D:/{MY_PROJECTS}/{OPC_cerebro_hive}/OPC/cerebro-hive-website/apps/studio/components/research/v2/ResearchAssistant.tsx,91,TrackedButton,{dynamic},Handler: {() => setInput(action.label)},Action,Medium,Action
ResearchAssistant,D:/{MY_PROJECTS}/{OPC_cerebro_hive}/OPC/cerebro-hive-website/apps/studio/components/research/v2/ResearchAssistant.tsx,108,TrackedButton,[Icon/Image],,Missing,High,Unknown
ResearchExplorer,D:/{MY_PROJECTS}/{OPC_cerebro_hive}/OPC/cerebro-hive-website/apps/studio/components/research/v2/ResearchExplorer.tsx,72,TrackedButton,{dynamic},Handler: {() => setActivePersona(persona)},Action,Medium,Action
ResearchExplorer,D:/{MY_PROJECTS}/{OPC_cerebro_hive}/OPC/cerebro-hive-website/apps/studio/components/research/v2/ResearchExplorer.tsx,114,TrackedLink,[Icon/Image],/contact,Valid,Medium,OK
ResearchExplorer,D:/{MY_PROJECTS}/{OPC_cerebro_hive}/OPC/cerebro-hive-website/apps/studio/components/research/v2/ResearchExplorer.tsx,124,TrackedLink,[Icon/Image],[Dynamic: GITHUB_ORG],Valid,Medium,Unknown
ResearchExplorer,D:/{MY_PROJECTS}/{OPC_cerebro_hive}/OPC/cerebro-hive-website/apps/studio/components/research/v2/ResearchExplorer.tsx,135,TrackedLink,[Icon/Image],[Dynamic: GITHUB_ORG],Valid,Medium,Unknown
ResearchHero,D:/{MY_PROJECTS}/{OPC_cerebro_hive}/OPC/cerebro-hive-website/apps/studio/components/research/v2/ResearchHero.tsx,69,TrackedButton,[Icon/Image],Handler: {() => router.push("/research")},Action,Medium,Action
ResearchHero,D:/{MY_PROJECTS}/{OPC_cerebro_hive}/OPC/cerebro-hive-website/apps/studio/components/research/v2/ResearchHero.tsx,78,TrackedButton,[Icon/Image],Handler: {() => router.push("/developers")},Action,Medium,Action
ResearchTeam,D:/{MY_PROJECTS}/{OPC_cerebro_hive}/OPC/cerebro-hive-website/apps/studio/components/research/v2/ResearchTeam.tsx,44,TrackedButton,[Icon/Image],,Missing,High,Unknown
ResearchTeam,D:/{MY_PROJECTS}/{OPC_cerebro_hive}/OPC/cerebro-hive-website/apps/studio/components/research/v2/ResearchTeam.tsx,95,TrackedButton,[Icon/Image],,Missing,High,Unknown
ResearchTeam,D:/{MY_PROJECTS}/{OPC_cerebro_hive}/OPC/cerebro-hive-website/apps/studio/components/research/v2/ResearchTeam.tsx,98,TrackedButton,[Icon/Image],,Missing,High,Unknown
ServiceArchitecture,D:/{MY_PROJECTS}/{OPC_cerebro_hive}/OPC/cerebro-hive-website/apps/studio/components/services/sections/ServiceArchitecture.tsx,41,TrackedLink,[Icon/Image],[Dynamic: `/products/${prod.slug}`],Valid,Medium,Unknown
ServiceArchitecture,D:/{MY_PROJECTS}/{OPC_cerebro_hive}/OPC/cerebro-hive-website/apps/studio/components/services/sections/ServiceArchitecture.tsx,70,TrackedLink,[Empty],[Dynamic: `/platform/${cap.slug}`],Valid,Medium,Unknown
ServiceCTA,D:/{MY_PROJECTS}/{OPC_cerebro_hive}/OPC/cerebro-hive-website/apps/studio/components/services/sections/ServiceCTA.tsx,33,TrackedLink,[Empty],/contact,Valid,Medium,OK
ServiceCTA,D:/{MY_PROJECTS}/{OPC_cerebro_hive}/OPC/cerebro-hive-website/apps/studio/components/services/sections/ServiceCTA.tsx,34,AnimatedButton,[Empty],,Missing,High,Unknown
ServiceFAQ,D:/{MY_PROJECTS}/{OPC_cerebro_hive}/OPC/cerebro-hive-website/apps/studio/components/services/sections/ServiceFAQ.tsx,28,TrackedButton,[Icon/Image],Handler: {() => setOpenIndex(openIndex === i ? null : i)},Action,Medium,Action
ServiceHero,D:/{MY_PROJECTS}/{OPC_cerebro_hive}/OPC/cerebro-hive-website/apps/studio/components/services/sections/ServiceHero.tsx,57,TrackedLink,[Empty],/contact,Valid,Medium,OK
ServiceHero,D:/{MY_PROJECTS}/{OPC_cerebro_hive}/OPC/cerebro-hive-website/apps/studio/components/services/sections/ServiceHero.tsx,58,AnimatedButton,[Empty],,Missing,High,Unknown
page,D:/{MY_PROJECTS}/{OPC_cerebro_hive}/OPC/cerebro-hive-website/apps/studio/app/(auth)/login/page.tsx,64,TrackedLink,[Empty],/forgot-password,Valid,Medium,Broken (404)
page,D:/{MY_PROJECTS}/{OPC_cerebro_hive}/OPC/cerebro-hive-website/apps/studio/app/(auth)/login/page.tsx,78,TrackedButton,{dynamic},Handler: {() => setShowPassword(!showPassword)},Action,Medium,Action
page,D:/{MY_PROJECTS}/{OPC_cerebro_hive}/OPC/cerebro-hive-website/apps/studio/app/(auth)/login/page.tsx,100,TrackedButton,{dynamic},,Missing,High,Unknown
page,D:/{MY_PROJECTS}/{OPC_cerebro_hive}/OPC/cerebro-hive-website/apps/studio/app/(auth)/login/page.tsx,127,TrackedButton,[Icon/Image],,Missing,High,Unknown
page,D:/{MY_PROJECTS}/{OPC_cerebro_hive}/OPC/cerebro-hive-website/apps/studio/app/(auth)/login/page.tsx,133,TrackedButton,[Icon/Image],,Missing,High,Unknown
page,D:/{MY_PROJECTS}/{OPC_cerebro_hive}/OPC/cerebro-hive-website/apps/studio/app/(auth)/login/page.tsx,145,TrackedLink,[Empty],/register,Valid,Medium,OK
page,D:/{MY_PROJECTS}/{OPC_cerebro_hive}/OPC/cerebro-hive-website/apps/studio/app/(auth)/register/page.tsx,94,TrackedButton,{dynamic},Handler: {() => setShowPassword(!showPassword)},Action,Medium,Action
page,D:/{MY_PROJECTS}/{OPC_cerebro_hive}/OPC/cerebro-hive-website/apps/studio/app/(auth)/register/page.tsx,119,TrackedButton,{dynamic},,Missing,High,Unknown
page,D:/{MY_PROJECTS}/{OPC_cerebro_hive}/OPC/cerebro-hive-website/apps/studio/app/(auth)/register/page.tsx,137,TrackedLink,[Empty],/login,Valid,Medium,OK
page,D:/{MY_PROJECTS}/{OPC_cerebro_hive}/OPC/cerebro-hive-website/apps/studio/app/(platform)/app/page.tsx,74,Button,[Icon/Image],Handler: {() => analytics.track({ eventName: 'click'  category: 'dashboard'  label: 'Execute Command' })},Action,Medium,Action
page,D:/{MY_PROJECTS}/{OPC_cerebro_hive}/OPC/cerebro-hive-website/apps/studio/app/(platform)/app/page.tsx,85,TrackedButton,{dynamic},Handler: {() => setCommandInput(cmd)},Action,Medium,Action
page,D:/{MY_PROJECTS}/{OPC_cerebro_hive}/OPC/cerebro-hive-website/apps/studio/app/(platform)/app/page.tsx,99,TrackedLink,[Icon/Image],[Dynamic: action.href],Valid,Medium,Unknown
page,D:/{MY_PROJECTS}/{OPC_cerebro_hive}/OPC/cerebro-hive-website/apps/studio/app/(platform)/app/page.tsx,130,Button,[Empty],Handler: {() => analytics.track({ eventName: 'click'  category: 'dashboard'  label: 'Create Knowledge Base' })},Action,Medium,Action
page,D:/{MY_PROJECTS}/{OPC_cerebro_hive}/OPC/cerebro-hive-website/apps/studio/app/(platform)/app/page.tsx,179,TrackedLink,[Empty],/app/ai/agents,Valid,Medium,Broken (404)
page,D:/{MY_PROJECTS}/{OPC_cerebro_hive}/OPC/cerebro-hive-website/apps/studio/app/(platform)/app/page.tsx,181,Card,{dynamic},,Missing,High,Unknown
page,D:/{MY_PROJECTS}/{OPC_cerebro_hive}/OPC/cerebro-hive-website/apps/studio/app/(platform)/app/page.tsx,197,TrackedButton,[Icon/Image],,Missing,High,Unknown
page,D:/{MY_PROJECTS}/{OPC_cerebro_hive}/OPC/cerebro-hive-website/apps/studio/app/(platform)/app/page.tsx,209,TrackedLink,[Empty],/app/marketplace,Valid,Medium,Broken (404)
page,D:/{MY_PROJECTS}/{OPC_cerebro_hive}/OPC/cerebro-hive-website/apps/studio/app/(platform)/app/page.tsx,216,Card,[Icon/Image],,Missing,High,Unknown
page,D:/{MY_PROJECTS}/{OPC_cerebro_hive}/OPC/cerebro-hive-website/apps/studio/app/(platform)/app/page.tsx,232,Button,[Empty],Handler: {() => analytics.track({ eventName: 'click'  category: 'dashboard'  label: `Install ${plugin.name}` })},Action,Medium,Action
page,D:/{MY_PROJECTS}/{OPC_cerebro_hive}/OPC/cerebro-hive-website/apps/studio/app/(platform)/app/page.tsx,138,StatCard,[StatCard],,Missing,High,Unknown
page,D:/{MY_PROJECTS}/{OPC_cerebro_hive}/OPC/cerebro-hive-website/apps/studio/app/(platform)/app/page.tsx,146,StatCard,[StatCard],,Missing,High,Unknown
page,D:/{MY_PROJECTS}/{OPC_cerebro_hive}/OPC/cerebro-hive-website/apps/studio/app/(platform)/app/page.tsx,154,StatCard,[StatCard],,Missing,High,Unknown
page,D:/{MY_PROJECTS}/{OPC_cerebro_hive}/OPC/cerebro-hive-website/apps/studio/app/(platform)/app/page.tsx,162,StatCard,[StatCard],,Missing,High,Unknown
page,D:/{MY_PROJECTS}/{OPC_cerebro_hive}/OPC/cerebro-hive-website/apps/studio/app/(platform)/archive/page.tsx,66,TrackedLink,[Icon/Image],/archive/documents/new,Valid,Medium,OK
page,D:/{MY_PROJECTS}/{OPC_cerebro_hive}/OPC/cerebro-hive-website/apps/studio/app/(platform)/archive/page.tsx,76,TrackedButton,[Icon/Image],,Missing,High,Unknown
page,D:/{MY_PROJECTS}/{OPC_cerebro_hive}/OPC/cerebro-hive-website/apps/studio/app/(platform)/archive/page.tsx,121,TrackedLink,[Icon/Image],[Dynamic: mod.href],Valid,Medium,Unknown
page,D:/{MY_PROJECTS}/{OPC_cerebro_hive}/OPC/cerebro-hive-website/apps/studio/app/(platform)/archive/page.tsx,160,TrackedButton,[Empty],,Missing,High,Unknown
page,D:/{MY_PROJECTS}/{OPC_cerebro_hive}/OPC/cerebro-hive-website/apps/studio/app/academy/corporate-programs/page.tsx,34,TrackedLink,[Icon/Image],/academy/courses,Valid,Medium,OK
page,D:/{MY_PROJECTS}/{OPC_cerebro_hive}/OPC/cerebro-hive-website/apps/studio/app/academy/corporate-programs/page.tsx,212,TrackedButton,[Icon/Image],,Missing,High,Unknown
page,D:/{MY_PROJECTS}/{OPC_cerebro_hive}/OPC/cerebro-hive-website/apps/studio/app/academy/corporate-programs/page.tsx,81,Icon,[Icon],,Missing,High,Unknown
page,D:/{MY_PROJECTS}/{OPC_cerebro_hive}/OPC/cerebro-hive-website/apps/studio/app/academy/courses/page.tsx,128,TrackedLink,[Icon/Image],/learn,Valid,Medium,OK
page,D:/{MY_PROJECTS}/{OPC_cerebro_hive}/OPC/cerebro-hive-website/apps/studio/app/academy/courses/page.tsx,159,TrackedButton,{dynamic},Handler: {() => setSelectedCat(cat)},Action,Medium,Action
page,D:/{MY_PROJECTS}/{OPC_cerebro_hive}/OPC/cerebro-hive-website/apps/studio/app/academy/courses/page.tsx,237,TrackedButton,[Empty],Handler: {() => handleEnroll(course.id  course.title)},Action,Medium,Action
page,D:/{MY_PROJECTS}/{OPC_cerebro_hive}/OPC/cerebro-hive-website/apps/studio/app/academy/learning-paths/page.tsx,62,TrackedLink,[Icon/Image],/academy/courses,Valid,Medium,OK
page,D:/{MY_PROJECTS}/{OPC_cerebro_hive}/OPC/cerebro-hive-website/apps/studio/app/academy/learning-paths/page.tsx,125,TrackedLink,[Icon/Image],/academy/courses,Valid,Medium,OK
page,D:/{MY_PROJECTS}/{OPC_cerebro_hive}/OPC/cerebro-hive-website/apps/studio/app/academy/referral/page.tsx,29,TrackedLink,[Empty],/academy,Valid,Medium,OK
page,D:/{MY_PROJECTS}/{OPC_cerebro_hive}/OPC/cerebro-hive-website/apps/studio/app/academy/referral/page.tsx,165,TrackedButton,[Icon/Image],,Missing,High,Unknown
page,D:/{MY_PROJECTS}/{OPC_cerebro_hive}/OPC/cerebro-hive-website/apps/studio/app/academy/referral/page.tsx,63,Icon,[Icon],,Missing,High,Unknown
page,D:/{MY_PROJECTS}/{OPC_cerebro_hive}/OPC/cerebro-hive-website/apps/studio/app/case-studies/corporate-ai-training/page.tsx,42,TrackedLink,[Icon/Image],/case-studies,Valid,Medium,OK
page,D:/{MY_PROJECTS}/{OPC_cerebro_hive}/OPC/cerebro-hive-website/apps/studio/app/case-studies/corporate-ai-training/page.tsx,172,TrackedButton,{dynamic},Handler: {() => setBooked(true)},Action,Medium,Action
page,D:/{MY_PROJECTS}/{OPC_cerebro_hive}/OPC/cerebro-hive-website/apps/studio/app/case-studies/corporate-ai-training/page.tsx,121,Icon,[Icon],,Missing,High,Unknown
page,D:/{MY_PROJECTS}/{OPC_cerebro_hive}/OPC/cerebro-hive-website/apps/studio/app/case-studies/logistics-support-automation/page.tsx,42,TrackedLink,[Icon/Image],/case-studies,Valid,Medium,OK
page,D:/{MY_PROJECTS}/{OPC_cerebro_hive}/OPC/cerebro-hive-website/apps/studio/app/case-studies/logistics-support-automation/page.tsx,172,TrackedButton,{dynamic},Handler: {() => setBooked(true)},Action,Medium,Action
page,D:/{MY_PROJECTS}/{OPC_cerebro_hive}/OPC/cerebro-hive-website/apps/studio/app/case-studies/logistics-support-automation/page.tsx,121,Icon,[Icon],,Missing,High,Unknown
page,D:/{MY_PROJECTS}/{OPC_cerebro_hive}/OPC/cerebro-hive-website/apps/studio/app/case-studies/sales-pipeline-automation/page.tsx,42,TrackedLink,[Icon/Image],/case-studies,Valid,Medium,OK
page,D:/{MY_PROJECTS}/{OPC_cerebro_hive}/OPC/cerebro-hive-website/apps/studio/app/case-studies/sales-pipeline-automation/page.tsx,172,TrackedButton,{dynamic},Handler: {() => setBooked(true)},Action,Medium,Action
page,D:/{MY_PROJECTS}/{OPC_cerebro_hive}/OPC/cerebro-hive-website/apps/studio/app/case-studies/sales-pipeline-automation/page.tsx,121,Icon,[Icon],,Missing,High,Unknown
page,D:/{MY_PROJECTS}/{OPC_cerebro_hive}/OPC/cerebro-hive-website/apps/studio/app/developers/releases/page.tsx,92,TrackedLink,[Icon/Image],/developers/changelog,Valid,Medium,OK
page,D:/{MY_PROJECTS}/{OPC_cerebro_hive}/OPC/cerebro-hive-website/apps/studio/app/enterprise/dashboard/page.tsx,221,TrackedButton,[Icon/Image],Handler: {() => handleRevokeSeat(emp.id)},Action,Medium,Action
page,D:/{MY_PROJECTS}/{OPC_cerebro_hive}/OPC/cerebro-hive-website/apps/studio/app/enterprise/dashboard/page.tsx,283,TrackedButton,{dynamic},,Missing,High,Unknown
page,D:/{MY_PROJECTS}/{OPC_cerebro_hive}/OPC/cerebro-hive-website/apps/studio/app/legal/ai-ethics/page.tsx,40,a,[Empty],mailto:ethics@cerebro-hive.com,Valid,Low,External
CapabilityCTA,D:/{MY_PROJECTS}/{OPC_cerebro_hive}/OPC/cerebro-hive-website/apps/studio/app/platform/[slug]/CapabilityCTA.tsx,24,TrackedLink,{dynamic},[Dynamic: liveDemoUrl],Valid,Medium,Unknown
CapabilityCTA,D:/{MY_PROJECTS}/{OPC_cerebro_hive}/OPC/cerebro-hive-website/apps/studio/app/platform/[slug]/CapabilityCTA.tsx,34,TrackedButton,[Empty],,Missing,High,Unknown
page,D:/{MY_PROJECTS}/{OPC_cerebro_hive}/OPC/cerebro-hive-website/apps/studio/app/platform/archive/page.tsx,66,button,{dynamic},Handler: {ingest},Action,Medium,Action
page,D:/{MY_PROJECTS}/{OPC_cerebro_hive}/OPC/cerebro-hive-website/apps/studio/app/platform/archive/page.tsx,127,button,{dynamic},Handler: {run},Action,Medium,Action
page,D:/{MY_PROJECTS}/{OPC_cerebro_hive}/OPC/cerebro-hive-website/apps/studio/app/platform/archive/page.tsx,202,button,[Icon/Image],Handler: {generate},Action,Medium,Action
page,D:/{MY_PROJECTS}/{OPC_cerebro_hive}/OPC/cerebro-hive-website/apps/studio/app/platform/archive/page.tsx,203,button,[Empty],Handler: {discover},Action,Medium,Action
page,D:/{MY_PROJECTS}/{OPC_cerebro_hive}/OPC/cerebro-hive-website/apps/studio/app/platform/archive/page.tsx,239,Link,[Icon/Image],/platform,Valid,Low,OK
page,D:/{MY_PROJECTS}/{OPC_cerebro_hive}/OPC/cerebro-hive-website/apps/studio/app/platform/archive/page.tsx,257,button,{dynamic},Handler: {() => setTab(t)},Action,Medium,Action
page,D:/{MY_PROJECTS}/{OPC_cerebro_hive}/OPC/cerebro-hive-website/apps/studio/app/platform/archive/page.tsx,258,Icon,[Icon],,Missing,High,Unknown
page,D:/{MY_PROJECTS}/{OPC_cerebro_hive}/OPC/cerebro-hive-website/apps/studio/app/platform/cloud/page.tsx,70,button,{dynamic},Handler: {provision},Action,Medium,Action
page,D:/{MY_PROJECTS}/{OPC_cerebro_hive}/OPC/cerebro-hive-website/apps/studio/app/platform/cloud/page.tsx,127,button,{dynamic},Handler: {provision},Action,Medium,Action
page,D:/{MY_PROJECTS}/{OPC_cerebro_hive}/OPC/cerebro-hive-website/apps/studio/app/platform/cloud/page.tsx,183,button,{dynamic},Handler: {provision},Action,Medium,Action
page,D:/{MY_PROJECTS}/{OPC_cerebro_hive}/OPC/cerebro-hive-website/apps/studio/app/platform/cloud/page.tsx,242,button,{dynamic},Handler: {provision},Action,Medium,Action
page,D:/{MY_PROJECTS}/{OPC_cerebro_hive}/OPC/cerebro-hive-website/apps/studio/app/platform/cloud/page.tsx,302,button,{dynamic},Handler: {provision},Action,Medium,Action
page,D:/{MY_PROJECTS}/{OPC_cerebro_hive}/OPC/cerebro-hive-website/apps/studio/app/platform/cloud/page.tsx,365,button,{dynamic},Handler: {create},Action,Medium,Action
page,D:/{MY_PROJECTS}/{OPC_cerebro_hive}/OPC/cerebro-hive-website/apps/studio/app/platform/cloud/page.tsx,422,button,{dynamic},Handler: {register},Action,Medium,Action
page,D:/{MY_PROJECTS}/{OPC_cerebro_hive}/OPC/cerebro-hive-website/apps/studio/app/platform/cloud/page.tsx,466,Link,[Icon/Image],/platform,Valid,Low,OK
page,D:/{MY_PROJECTS}/{OPC_cerebro_hive}/OPC/cerebro-hive-website/apps/studio/app/platform/cloud/page.tsx,486,button,{dynamic},Handler: {() => setTab(t)},Action,Medium,Action
page,D:/{MY_PROJECTS}/{OPC_cerebro_hive}/OPC/cerebro-hive-website/apps/studio/app/platform/cloud/page.tsx,491,Icon,[Icon],,Missing,High,Unknown
page,D:/{MY_PROJECTS}/{OPC_cerebro_hive}/OPC/cerebro-hive-website/apps/studio/app/platform/copilot/page.tsx,45,button,{dynamic},Handler: {ask},Action,Medium,Action
page,D:/{MY_PROJECTS}/{OPC_cerebro_hive}/OPC/cerebro-hive-website/apps/studio/app/platform/copilot/page.tsx,99,button,{dynamic},Handler: {assemble},Action,Medium,Action
page,D:/{MY_PROJECTS}/{OPC_cerebro_hive}/OPC/cerebro-hive-website/apps/studio/app/platform/copilot/page.tsx,136,Link,[Icon/Image],/platform,Valid,Low,OK
page,D:/{MY_PROJECTS}/{OPC_cerebro_hive}/OPC/cerebro-hive-website/apps/studio/app/platform/copilot/page.tsx,154,button,{dynamic},Handler: {() => setTab(t)},Action,Medium,Action
page,D:/{MY_PROJECTS}/{OPC_cerebro_hive}/OPC/cerebro-hive-website/apps/studio/app/platform/copilot/page.tsx,155,Icon,[Icon],,Missing,High,Unknown
page,D:/{MY_PROJECTS}/{OPC_cerebro_hive}/OPC/cerebro-hive-website/apps/studio/app/platform/flow/page.tsx,74,button,{dynamic},Handler: {create},Action,Medium,Action
page,D:/{MY_PROJECTS}/{OPC_cerebro_hive}/OPC/cerebro-hive-website/apps/studio/app/platform/flow/page.tsx,88,button,[Empty],Handler: {() => run(w.id)},Action,Medium,Action
page,D:/{MY_PROJECTS}/{OPC_cerebro_hive}/OPC/cerebro-hive-website/apps/studio/app/platform/flow/page.tsx,108,button,[Empty],Handler: {() => resume(r.id)},Action,Medium,Action
page,D:/{MY_PROJECTS}/{OPC_cerebro_hive}/OPC/cerebro-hive-website/apps/studio/app/platform/flow/page.tsx,148,button,{dynamic},Handler: {configure},Action,Medium,Action
page,D:/{MY_PROJECTS}/{OPC_cerebro_hive}/OPC/cerebro-hive-website/apps/studio/app/platform/flow/page.tsx,220,button,[Empty],Handler: {() => decide(a.id  "approved")},Action,Medium,Action
page,D:/{MY_PROJECTS}/{OPC_cerebro_hive}/OPC/cerebro-hive-website/apps/studio/app/platform/flow/page.tsx,221,button,[Empty],Handler: {() => decide(a.id  "rejected")},Action,Medium,Action
page,D:/{MY_PROJECTS}/{OPC_cerebro_hive}/OPC/cerebro-hive-website/apps/studio/app/platform/flow/page.tsx,246,Link,[Icon/Image],/platform,Valid,Low,OK
page,D:/{MY_PROJECTS}/{OPC_cerebro_hive}/OPC/cerebro-hive-website/apps/studio/app/platform/flow/page.tsx,264,button,{dynamic},Handler: {() => setTab(t)},Action,Medium,Action
page,D:/{MY_PROJECTS}/{OPC_cerebro_hive}/OPC/cerebro-hive-website/apps/studio/app/platform/flow/page.tsx,265,Icon,[Icon],,Missing,High,Unknown
page,D:/{MY_PROJECTS}/{OPC_cerebro_hive}/OPC/cerebro-hive-website/apps/studio/app/platform/forge/page.tsx,27,button,[Icon/Image],Handler: {() => setOpen(o => !o)},Action,Medium,Action
page,D:/{MY_PROJECTS}/{OPC_cerebro_hive}/OPC/cerebro-hive-website/apps/studio/app/platform/forge/page.tsx,66,button,{dynamic},Handler: {() => onGenerateSpec(signal.id  o.type)},Action,Medium,Action
page,D:/{MY_PROJECTS}/{OPC_cerebro_hive}/OPC/cerebro-hive-website/apps/studio/app/platform/forge/page.tsx,140,button,{dynamic},Handler: {() => void ingest()},Action,Medium,Action
page,D:/{MY_PROJECTS}/{OPC_cerebro_hive}/OPC/cerebro-hive-website/apps/studio/app/platform/forge/page.tsx,161,button,{dynamic},Handler: {() => setOpen(o => !o)},Action,Medium,Action
page,D:/{MY_PROJECTS}/{OPC_cerebro_hive}/OPC/cerebro-hive-website/apps/studio/app/platform/forge/page.tsx,229,Link,[Icon/Image],/platform,Valid,Low,OK
page,D:/{MY_PROJECTS}/{OPC_cerebro_hive}/OPC/cerebro-hive-website/apps/studio/app/platform/forge/page.tsx,253,button,{dynamic},Handler: {() => setTab(t)},Action,Medium,Action
page,D:/{MY_PROJECTS}/{OPC_cerebro_hive}/OPC/cerebro-hive-website/apps/studio/app/platform/forge/page.tsx,149,SignalCard,[SignalCard],,Missing,High,Unknown
page,D:/{MY_PROJECTS}/{OPC_cerebro_hive}/OPC/cerebro-hive-website/apps/studio/app/platform/forge/page.tsx,213,SpecCard,[SpecCard],,Missing,High,Unknown
page,D:/{MY_PROJECTS}/{OPC_cerebro_hive}/OPC/cerebro-hive-website/apps/studio/app/platform/growth/page.tsx,22,button,{dynamic},Handler: {() => setOpen(o => !o)},Action,Medium,Action
page,D:/{MY_PROJECTS}/{OPC_cerebro_hive}/OPC/cerebro-hive-website/apps/studio/app/platform/growth/page.tsx,84,button,{dynamic},Handler: {() => void generate()},Action,Medium,Action
page,D:/{MY_PROJECTS}/{OPC_cerebro_hive}/OPC/cerebro-hive-website/apps/studio/app/platform/growth/page.tsx,167,button,{dynamic},Handler: {() => onAdvance(lead.id  next)},Action,Medium,Action
page,D:/{MY_PROJECTS}/{OPC_cerebro_hive}/OPC/cerebro-hive-website/apps/studio/app/platform/growth/page.tsx,172,button,[Empty],Handler: {() => onProposal(lead.id)},Action,Medium,Action
page,D:/{MY_PROJECTS}/{OPC_cerebro_hive}/OPC/cerebro-hive-website/apps/studio/app/platform/growth/page.tsx,176,button,{dynamic},Handler: {() => onEnrich(lead.id)},Action,Medium,Action
page,D:/{MY_PROJECTS}/{OPC_cerebro_hive}/OPC/cerebro-hive-website/apps/studio/app/platform/growth/page.tsx,180,button,[Empty],Handler: {() => onAdvance(lead.id  "lost")},Action,Medium,Action
page,D:/{MY_PROJECTS}/{OPC_cerebro_hive}/OPC/cerebro-hive-website/apps/studio/app/platform/growth/page.tsx,272,button,{dynamic},Handler: {() => void createLead()},Action,Medium,Action
page,D:/{MY_PROJECTS}/{OPC_cerebro_hive}/OPC/cerebro-hive-website/apps/studio/app/platform/growth/page.tsx,331,button,{dynamic},Handler: {() => setOpen(o => !o)},Action,Medium,Action
page,D:/{MY_PROJECTS}/{OPC_cerebro_hive}/OPC/cerebro-hive-website/apps/studio/app/platform/growth/page.tsx,384,button,{dynamic},Handler: {() => void generate()},Action,Medium,Action
page,D:/{MY_PROJECTS}/{OPC_cerebro_hive}/OPC/cerebro-hive-website/apps/studio/app/platform/growth/page.tsx,410,Link,[Icon/Image],/platform,Valid,Low,OK
page,D:/{MY_PROJECTS}/{OPC_cerebro_hive}/OPC/cerebro-hive-website/apps/studio/app/platform/growth/page.tsx,434,button,{dynamic},Handler: {() => setTab(t)},Action,Medium,Action
page,D:/{MY_PROJECTS}/{OPC_cerebro_hive}/OPC/cerebro-hive-website/apps/studio/app/platform/growth/page.tsx,94,ContentSetCard,[ContentSetCard],,Missing,High,Unknown
page,D:/{MY_PROJECTS}/{OPC_cerebro_hive}/OPC/cerebro-hive-website/apps/studio/app/platform/growth/page.tsx,286,LeadCard,[LeadCard],,Missing,High,Unknown
page,D:/{MY_PROJECTS}/{OPC_cerebro_hive}/OPC/cerebro-hive-website/apps/studio/app/platform/growth/page.tsx,394,BriefCard,[BriefCard],,Missing,High,Unknown
HiveForgeWizard,D:/{MY_PROJECTS}/{OPC_cerebro_hive}/OPC/cerebro-hive-website/apps/studio/app/platform/hiveforge/HiveForgeWizard.tsx,74,div,{dynamic},Handler: {onClose},Action,Medium,Action
HiveForgeWizard,D:/{MY_PROJECTS}/{OPC_cerebro_hive}/OPC/cerebro-hive-website/apps/studio/app/platform/hiveforge/HiveForgeWizard.tsx,76,div,{dynamic} {dynamic} {dynamic} {dynamic},Handler: {e => e.stopPropagation()},Action,Medium,Action
HiveForgeWizard,D:/{MY_PROJECTS}/{OPC_cerebro_hive}/OPC/cerebro-hive-website/apps/studio/app/platform/hiveforge/HiveForgeWizard.tsx,81,button,[Empty],Handler: {onClose},Action,Medium,Action
HiveForgeWizard,D:/{MY_PROJECTS}/{OPC_cerebro_hive}/OPC/cerebro-hive-website/apps/studio/app/platform/hiveforge/HiveForgeWizard.tsx,109,button,[Empty],Handler: {() => setSizeTier(tierId)},Action,Medium,Action
HiveForgeWizard,D:/{MY_PROJECTS}/{OPC_cerebro_hive}/OPC/cerebro-hive-website/apps/studio/app/platform/hiveforge/HiveForgeWizard.tsx,140,button,{dynamic},Handler: {() => toggleOption(o)},Action,Medium,Action
HiveForgeWizard,D:/{MY_PROJECTS}/{OPC_cerebro_hive}/OPC/cerebro-hive-website/apps/studio/app/platform/hiveforge/HiveForgeWizard.tsx,151,button,[Empty],Handler: {onClose},Action,Medium,Action
HiveForgeWizard,D:/{MY_PROJECTS}/{OPC_cerebro_hive}/OPC/cerebro-hive-website/apps/studio/app/platform/hiveforge/HiveForgeWizard.tsx,152,button,[Empty],Handler: {() => setStep(2)},Action,Medium,Action
HiveForgeWizard,D:/{MY_PROJECTS}/{OPC_cerebro_hive}/OPC/cerebro-hive-website/apps/studio/app/platform/hiveforge/HiveForgeWizard.tsx,175,button,[Empty],Handler: {() => setStep(1)},Action,Medium,Action
HiveForgeWizard,D:/{MY_PROJECTS}/{OPC_cerebro_hive}/OPC/cerebro-hive-website/apps/studio/app/platform/hiveforge/HiveForgeWizard.tsx,176,button,{dynamic},Handler: {() => void submit()},Action,Medium,Action
HiveForgeWizard,D:/{MY_PROJECTS}/{OPC_cerebro_hive}/OPC/cerebro-hive-website/apps/studio/app/platform/hiveforge/HiveForgeWizard.tsx,194,button,[Empty],Handler: {onClose},Action,Medium,Action
layout,D:/{MY_PROJECTS}/{OPC_cerebro_hive}/OPC/cerebro-hive-website/apps/studio/app/platform/hiveforge/layout.tsx,45,CommandPalette,[CommandPalette],,Missing,High,Unknown
page,D:/{MY_PROJECTS}/{OPC_cerebro_hive}/OPC/cerebro-hive-website/apps/studio/app/platform/hiveforge/page.tsx,56,TrackedLink,[Empty],[Dynamic: s.href],Valid,Medium,Unknown
page,D:/{MY_PROJECTS}/{OPC_cerebro_hive}/OPC/cerebro-hive-website/apps/studio/app/platform/hiveforge/page.tsx,68,TrackedLink,[Empty],/platform/studio,Valid,Medium,OK
page,D:/{MY_PROJECTS}/{OPC_cerebro_hive}/OPC/cerebro-hive-website/apps/studio/app/platform/hiveforge/page.tsx,76,TrackedLink,[Empty],[Dynamic: `/platform/hiveforge/catalog/${c.id}`],Valid,Medium,Unknown
page,D:/{MY_PROJECTS}/{OPC_cerebro_hive}/OPC/cerebro-hive-website/apps/studio/app/platform/hiveops/page.tsx,45,MetricCard,[MetricCard],,Missing,High,Unknown
page,D:/{MY_PROJECTS}/{OPC_cerebro_hive}/OPC/cerebro-hive-website/apps/studio/app/platform/hiveops/page.tsx,53,MetricCard,[MetricCard],,Missing,High,Unknown
page,D:/{MY_PROJECTS}/{OPC_cerebro_hive}/OPC/cerebro-hive-website/apps/studio/app/platform/hiveops/page.tsx,61,MetricCard,[MetricCard],,Missing,High,Unknown
page,D:/{MY_PROJECTS}/{OPC_cerebro_hive}/OPC/cerebro-hive-website/apps/studio/app/platform/hiveops/page.tsx,69,MetricCard,[MetricCard],,Missing,High,Unknown
page,D:/{MY_PROJECTS}/{OPC_cerebro_hive}/OPC/cerebro-hive-website/apps/studio/app/platform/hiveops/page.tsx,85,MetricCard,[MetricCard],,Missing,High,Unknown
page,D:/{MY_PROJECTS}/{OPC_cerebro_hive}/OPC/cerebro-hive-website/apps/studio/app/platform/hiveops/page.tsx,93,MetricCard,[MetricCard],,Missing,High,Unknown
page,D:/{MY_PROJECTS}/{OPC_cerebro_hive}/OPC/cerebro-hive-website/apps/studio/app/platform/hiveops/page.tsx,117,MetricCard,[MetricCard],,Missing,High,Unknown
page,D:/{MY_PROJECTS}/{OPC_cerebro_hive}/OPC/cerebro-hive-website/apps/studio/app/platform/hiveops/page.tsx,125,MetricCard,[MetricCard],,Missing,High,Unknown
page,D:/{MY_PROJECTS}/{OPC_cerebro_hive}/OPC/cerebro-hive-website/apps/studio/app/platform/hiveops/page.tsx,133,MetricCard,[MetricCard],,Missing,High,Unknown
page,D:/{MY_PROJECTS}/{OPC_cerebro_hive}/OPC/cerebro-hive-website/apps/studio/app/platform/insight/page.tsx,177,Link,[Icon/Image],/platform,Valid,Low,OK
page,D:/{MY_PROJECTS}/{OPC_cerebro_hive}/OPC/cerebro-hive-website/apps/studio/app/platform/insight/page.tsx,194,button,{dynamic},Handler: {() => void runRefresh()},Action,Medium,Action
page,D:/{MY_PROJECTS}/{OPC_cerebro_hive}/OPC/cerebro-hive-website/apps/studio/app/platform/insight/page.tsx,205,Link,[Empty],/platform/growth,Valid,Low,OK
page,D:/{MY_PROJECTS}/{OPC_cerebro_hive}/OPC/cerebro-hive-website/apps/studio/app/platform/insight/page.tsx,30,TrendIcon,[TrendIcon],,Missing,High,Unknown
page,D:/{MY_PROJECTS}/{OPC_cerebro_hive}/OPC/cerebro-hive-website/apps/studio/app/platform/insight/page.tsx,122,TrendIcon,[TrendIcon],,Missing,High,Unknown
page,D:/{MY_PROJECTS}/{OPC_cerebro_hive}/OPC/cerebro-hive-website/apps/studio/app/platform/insight/page.tsx,241,TableWidget,[TableWidget],,Missing,High,Unknown
page,D:/{MY_PROJECTS}/{OPC_cerebro_hive}/OPC/cerebro-hive-website/apps/studio/app/platform/live-runtime/page.tsx,31,TrackedButton,[Icon/Image],Handler: {() => setMode("kernel")},Action,Medium,Action
page,D:/{MY_PROJECTS}/{OPC_cerebro_hive}/OPC/cerebro-hive-website/apps/studio/app/platform/live-runtime/page.tsx,42,TrackedButton,[Icon/Image],Handler: {() => setMode("backend")},Action,Medium,Action
OsConsole,D:/{MY_PROJECTS}/{OPC_cerebro_hive}/OPC/cerebro-hive-website/apps/studio/app/platform/os/OsConsole.tsx,102,TrackedButton,{dynamic},Handler: {() => void run()},Action,Medium,Action
OsConsole,D:/{MY_PROJECTS}/{OPC_cerebro_hive}/OPC/cerebro-hive-website/apps/studio/app/platform/os/OsConsole.tsx,147,TrackedLink,[Empty],/platform/hiveforge,Valid,Medium,OK
OsConsole,D:/{MY_PROJECTS}/{OPC_cerebro_hive}/OPC/cerebro-hive-website/apps/studio/app/platform/os/OsConsole.tsx,163,TrackedLink,[Empty],[Dynamic: `/platform/os/${p.slug}`],Valid,Medium,Unknown
PillarShell,D:/{MY_PROJECTS}/{OPC_cerebro_hive}/OPC/cerebro-hive-website/apps/studio/app/platform/os/PillarShell.tsx,21,TrackedLink,[Icon/Image],/platform/os,Valid,Medium,OK
PillarShell,D:/{MY_PROJECTS}/{OPC_cerebro_hive}/OPC/cerebro-hive-website/apps/studio/app/platform/os/PillarShell.tsx,45,TrackedLink,[Empty],[Dynamic: `/platform/os/${s.slug}`],Valid,Medium,Unknown
page,D:/{MY_PROJECTS}/{OPC_cerebro_hive}/OPC/cerebro-hive-website/apps/studio/app/platform/pulse/page.tsx,72,button,{dynamic},Handler: {register},Action,Medium,Action
page,D:/{MY_PROJECTS}/{OPC_cerebro_hive}/OPC/cerebro-hive-website/apps/studio/app/platform/pulse/page.tsx,81,button,[Empty],Handler: {discover},Action,Medium,Action
page,D:/{MY_PROJECTS}/{OPC_cerebro_hive}/OPC/cerebro-hive-website/apps/studio/app/platform/pulse/page.tsx,92,button,[Empty],Handler: {electLeader},Action,Medium,Action
page,D:/{MY_PROJECTS}/{OPC_cerebro_hive}/OPC/cerebro-hive-website/apps/studio/app/platform/pulse/page.tsx,93,button,[Empty],Handler: {runVote},Action,Medium,Action
page,D:/{MY_PROJECTS}/{OPC_cerebro_hive}/OPC/cerebro-hive-website/apps/studio/app/platform/pulse/page.tsx,151,button,[Icon/Image],Handler: {submit},Action,Medium,Action
page,D:/{MY_PROJECTS}/{OPC_cerebro_hive}/OPC/cerebro-hive-website/apps/studio/app/platform/pulse/page.tsx,167,button,[Empty],Handler: {() => cancel(e.id)},Action,Medium,Action
page,D:/{MY_PROJECTS}/{OPC_cerebro_hive}/OPC/cerebro-hive-website/apps/studio/app/platform/pulse/page.tsx,191,Link,[Icon/Image],/platform,Valid,Low,OK
page,D:/{MY_PROJECTS}/{OPC_cerebro_hive}/OPC/cerebro-hive-website/apps/studio/app/platform/pulse/page.tsx,209,button,{dynamic},Handler: {() => setTab(t)},Action,Medium,Action
page,D:/{MY_PROJECTS}/{OPC_cerebro_hive}/OPC/cerebro-hive-website/apps/studio/app/platform/pulse/page.tsx,210,Icon,[Icon],,Missing,High,Unknown
page,D:/{MY_PROJECTS}/{OPC_cerebro_hive}/OPC/cerebro-hive-website/apps/studio/app/platform/shield/page.tsx,81,button,[Empty],Handler: {() => decide(a.id  "approved")},Action,Medium,Action
page,D:/{MY_PROJECTS}/{OPC_cerebro_hive}/OPC/cerebro-hive-website/apps/studio/app/platform/shield/page.tsx,82,button,[Empty],Handler: {() => decide(a.id  "rejected")},Action,Medium,Action
page,D:/{MY_PROJECTS}/{OPC_cerebro_hive}/OPC/cerebro-hive-website/apps/studio/app/platform/shield/page.tsx,156,button,{dynamic},Handler: {create},Action,Medium,Action
page,D:/{MY_PROJECTS}/{OPC_cerebro_hive}/OPC/cerebro-hive-website/apps/studio/app/platform/shield/page.tsx,218,button,{dynamic},Handler: {register},Action,Medium,Action
page,D:/{MY_PROJECTS}/{OPC_cerebro_hive}/OPC/cerebro-hive-website/apps/studio/app/platform/shield/page.tsx,236,button,[Empty],Handler: {() => review(s.id  "approved")},Action,Medium,Action
page,D:/{MY_PROJECTS}/{OPC_cerebro_hive}/OPC/cerebro-hive-website/apps/studio/app/platform/shield/page.tsx,237,button,[Empty],Handler: {() => review(s.id  "denied")},Action,Medium,Action
page,D:/{MY_PROJECTS}/{OPC_cerebro_hive}/OPC/cerebro-hive-website/apps/studio/app/platform/shield/page.tsx,283,button,{dynamic},Handler: {issue},Action,Medium,Action
page,D:/{MY_PROJECTS}/{OPC_cerebro_hive}/OPC/cerebro-hive-website/apps/studio/app/platform/shield/page.tsx,326,Link,[Icon/Image],/platform,Valid,Low,OK
page,D:/{MY_PROJECTS}/{OPC_cerebro_hive}/OPC/cerebro-hive-website/apps/studio/app/platform/shield/page.tsx,345,button,{dynamic},Handler: {() => setTab(t)},Action,Medium,Action
page,D:/{MY_PROJECTS}/{OPC_cerebro_hive}/OPC/cerebro-hive-website/apps/studio/app/platform/shield/page.tsx,350,Icon,[Icon],,Missing,High,Unknown
page,D:/{MY_PROJECTS}/{OPC_cerebro_hive}/OPC/cerebro-hive-website/apps/studio/app/platform/studio/page.tsx,41,Link,[Icon/Image],/platform,Valid,Low,OK
page,D:/{MY_PROJECTS}/{OPC_cerebro_hive}/OPC/cerebro-hive-website/apps/studio/app/platform/studio/page.tsx,61,Link,[Empty],/platform/swarm,Valid,Low,OK
page,D:/{MY_PROJECTS}/{OPC_cerebro_hive}/OPC/cerebro-hive-website/apps/studio/app/platform/studio/page.tsx,69,button,{dynamic},Handler: {() => void createWorkspace()},Action,Medium,Action
page,D:/{MY_PROJECTS}/{OPC_cerebro_hive}/OPC/cerebro-hive-website/apps/studio/app/platform/studio/page.tsx,79,Link,[Icon/Image],[Dynamic: `/platform/studio/${w.id}`],Valid,Low,Unknown
page,D:/{MY_PROJECTS}/{OPC_cerebro_hive}/OPC/cerebro-hive-website/apps/studio/app/platform/swarm/page.tsx,38,button,{dynamic},Handler: {() => void toggle()},Action,Medium,Action
page,D:/{MY_PROJECTS}/{OPC_cerebro_hive}/OPC/cerebro-hive-website/apps/studio/app/platform/swarm/page.tsx,112,Link,[Icon/Image],/platform,Valid,Low,OK
page,D:/{MY_PROJECTS}/{OPC_cerebro_hive}/OPC/cerebro-hive-website/apps/studio/app/platform/swarm/page.tsx,137,Link,[Empty],/platform/insight,Valid,Low,OK
page,D:/{MY_PROJECTS}/{OPC_cerebro_hive}/OPC/cerebro-hive-website/apps/studio/app/platform/swarm/page.tsx,171,button,{dynamic},Handler: {() => void submit()},Action,Medium,Action
page,D:/{MY_PROJECTS}/{OPC_cerebro_hive}/OPC/cerebro-hive-website/apps/studio/app/platform/swarm/page.tsx,180,DirectiveCard,[DirectiveCard],,Missing,High,Unknown
page,D:/{MY_PROJECTS}/{OPC_cerebro_hive}/OPC/cerebro-hive-website/apps/studio/app/platform/x/page.tsx,97,button,[Empty],Handler: {route},Action,Medium,Action
page,D:/{MY_PROJECTS}/{OPC_cerebro_hive}/OPC/cerebro-hive-website/apps/studio/app/platform/x/page.tsx,136,Link,[Icon/Image],/platform,Valid,Low,OK
page,D:/{MY_PROJECTS}/{OPC_cerebro_hive}/OPC/cerebro-hive-website/apps/studio/app/platform/x/page.tsx,154,button,{dynamic},Handler: {() => setTab(t)},Action,Medium,Action
page,D:/{MY_PROJECTS}/{OPC_cerebro_hive}/OPC/cerebro-hive-website/apps/studio/app/platform/x/page.tsx,155,Icon,[Icon],,Missing,High,Unknown
page,D:/{MY_PROJECTS}/{OPC_cerebro_hive}/OPC/cerebro-hive-website/apps/studio/app/playground/design-system/page.tsx,24,Button,[Empty],,Missing,High,Unknown
page,D:/{MY_PROJECTS}/{OPC_cerebro_hive}/OPC/cerebro-hive-website/apps/studio/app/playground/design-system/page.tsx,25,Button,[Empty],,Missing,High,Unknown
page,D:/{MY_PROJECTS}/{OPC_cerebro_hive}/OPC/cerebro-hive-website/apps/studio/app/playground/design-system/page.tsx,26,Button,[Empty],,Missing,High,Unknown
page,D:/{MY_PROJECTS}/{OPC_cerebro_hive}/OPC/cerebro-hive-website/apps/studio/app/playground/design-system/page.tsx,27,Button,[Empty],,Missing,High,Unknown
page,D:/{MY_PROJECTS}/{OPC_cerebro_hive}/OPC/cerebro-hive-website/apps/studio/app/playground/design-system/page.tsx,28,Button,[Empty],,Missing,High,Unknown
page,D:/{MY_PROJECTS}/{OPC_cerebro_hive}/OPC/cerebro-hive-website/apps/studio/app/playground/design-system/page.tsx,29,Button,[Empty],,Missing,High,Unknown
page,D:/{MY_PROJECTS}/{OPC_cerebro_hive}/OPC/cerebro-hive-website/apps/studio/app/playground/design-system/page.tsx,50,Card,[Empty],,Missing,High,Unknown
page,D:/{MY_PROJECTS}/{OPC_cerebro_hive}/OPC/cerebro-hive-website/apps/studio/app/playground/design-system/page.tsx,51,CardHeader,[Empty],,Missing,High,Unknown
page,D:/{MY_PROJECTS}/{OPC_cerebro_hive}/OPC/cerebro-hive-website/apps/studio/app/playground/design-system/page.tsx,52,CardTitle,[Empty],,Missing,High,Unknown
page,D:/{MY_PROJECTS}/{OPC_cerebro_hive}/OPC/cerebro-hive-website/apps/studio/app/playground/design-system/page.tsx,53,CardDescription,[Empty],,Missing,High,Unknown
page,D:/{MY_PROJECTS}/{OPC_cerebro_hive}/OPC/cerebro-hive-website/apps/studio/app/playground/design-system/page.tsx,55,CardContent,[Empty],,Missing,High,Unknown
page,D:/{MY_PROJECTS}/{OPC_cerebro_hive}/OPC/cerebro-hive-website/apps/studio/app/playground/design-system/page.tsx,58,CardFooter,[Empty],,Missing,High,Unknown
page,D:/{MY_PROJECTS}/{OPC_cerebro_hive}/OPC/cerebro-hive-website/apps/studio/app/playground/design-system/page.tsx,59,Button,[Empty],,Missing,High,Unknown
page,D:/{MY_PROJECTS}/{OPC_cerebro_hive}/OPC/cerebro-hive-website/apps/studio/app/playground/design-system/page.tsx,63,Card,[Empty],,Missing,High,Unknown
page,D:/{MY_PROJECTS}/{OPC_cerebro_hive}/OPC/cerebro-hive-website/apps/studio/app/playground/design-system/page.tsx,64,CardHeader,[Empty],,Missing,High,Unknown
page,D:/{MY_PROJECTS}/{OPC_cerebro_hive}/OPC/cerebro-hive-website/apps/studio/app/playground/design-system/page.tsx,65,CardTitle,[Empty],,Missing,High,Unknown
page,D:/{MY_PROJECTS}/{OPC_cerebro_hive}/OPC/cerebro-hive-website/apps/studio/app/playground/design-system/page.tsx,66,CardDescription,[Empty],,Missing,High,Unknown
page,D:/{MY_PROJECTS}/{OPC_cerebro_hive}/OPC/cerebro-hive-website/apps/studio/app/playground/design-system/page.tsx,68,CardContent,[Empty],,Missing,High,Unknown
page,D:/{MY_PROJECTS}/{OPC_cerebro_hive}/OPC/cerebro-hive-website/apps/studio/app/playground/design-system/page.tsx,71,CardFooter,[Empty],,Missing,High,Unknown
page,D:/{MY_PROJECTS}/{OPC_cerebro_hive}/OPC/cerebro-hive-website/apps/studio/app/playground/design-system/page.tsx,72,Button,[Empty],,Missing,High,Unknown
page,D:/{MY_PROJECTS}/{OPC_cerebro_hive}/OPC/cerebro-hive-website/apps/studio/app/playground/design-system/page.tsx,73,Button,[Empty],,Missing,High,Unknown
page,D:/{MY_PROJECTS}/{OPC_cerebro_hive}/OPC/cerebro-hive-website/apps/studio/app/playground/design-system/page.tsx,84,Button,[Empty],,Missing,High,Unknown
page,D:/{MY_PROJECTS}/{OPC_cerebro_hive}/OPC/cerebro-hive-website/apps/studio/app/playground/design-system/page.tsx,97,DropdownMenu,[Icon/Image],,Missing,High,Unknown
page,D:/{MY_PROJECTS}/{OPC_cerebro_hive}/OPC/cerebro-hive-website/apps/studio/app/playground/design-system/page.tsx,98,DropdownMenuTrigger,[Empty],,Missing,High,Unknown
page,D:/{MY_PROJECTS}/{OPC_cerebro_hive}/OPC/cerebro-hive-website/apps/studio/app/playground/design-system/page.tsx,99,Button,[Empty],,Missing,High,Unknown
page,D:/{MY_PROJECTS}/{OPC_cerebro_hive}/OPC/cerebro-hive-website/apps/studio/app/playground/design-system/page.tsx,101,DropdownMenuContent,[Icon/Image],,Missing,High,Unknown
page,D:/{MY_PROJECTS}/{OPC_cerebro_hive}/OPC/cerebro-hive-website/apps/studio/app/playground/design-system/page.tsx,102,DropdownMenuLabel,[Empty],,Missing,High,Unknown
page,D:/{MY_PROJECTS}/{OPC_cerebro_hive}/OPC/cerebro-hive-website/apps/studio/app/playground/design-system/page.tsx,104,DropdownMenuItem,[Empty],,Missing,High,Unknown
page,D:/{MY_PROJECTS}/{OPC_cerebro_hive}/OPC/cerebro-hive-website/apps/studio/app/playground/design-system/page.tsx,105,DropdownMenuItem,[Empty],,Missing,High,Unknown
page,D:/{MY_PROJECTS}/{OPC_cerebro_hive}/OPC/cerebro-hive-website/apps/studio/app/playground/design-system/page.tsx,106,DropdownMenuItem,[Empty],,Missing,High,Unknown
page,D:/{MY_PROJECTS}/{OPC_cerebro_hive}/OPC/cerebro-hive-website/apps/studio/app/playground/design-system/page.tsx,107,DropdownMenuItem,[Empty],,Missing,High,Unknown
page,D:/{MY_PROJECTS}/{OPC_cerebro_hive}/OPC/cerebro-hive-website/apps/studio/app/playground/design-system/page.tsx,115,Tabs,[Icon/Image],,Missing,High,Unknown
page,D:/{MY_PROJECTS}/{OPC_cerebro_hive}/OPC/cerebro-hive-website/apps/studio/app/playground/design-system/page.tsx,116,TabsList,[Empty],,Missing,High,Unknown
page,D:/{MY_PROJECTS}/{OPC_cerebro_hive}/OPC/cerebro-hive-website/apps/studio/app/playground/design-system/page.tsx,117,TabsTrigger,[Empty],,Missing,High,Unknown
page,D:/{MY_PROJECTS}/{OPC_cerebro_hive}/OPC/cerebro-hive-website/apps/studio/app/playground/design-system/page.tsx,118,TabsTrigger,[Empty],,Missing,High,Unknown
page,D:/{MY_PROJECTS}/{OPC_cerebro_hive}/OPC/cerebro-hive-website/apps/studio/app/playground/design-system/page.tsx,120,TabsContent,[Icon/Image],,Missing,High,Unknown
page,D:/{MY_PROJECTS}/{OPC_cerebro_hive}/OPC/cerebro-hive-website/apps/studio/app/playground/design-system/page.tsx,121,Card,[Icon/Image],,Missing,High,Unknown
page,D:/{MY_PROJECTS}/{OPC_cerebro_hive}/OPC/cerebro-hive-website/apps/studio/app/playground/design-system/page.tsx,122,CardHeader,[Empty],,Missing,High,Unknown
page,D:/{MY_PROJECTS}/{OPC_cerebro_hive}/OPC/cerebro-hive-website/apps/studio/app/playground/design-system/page.tsx,123,CardTitle,[Empty],,Missing,High,Unknown
page,D:/{MY_PROJECTS}/{OPC_cerebro_hive}/OPC/cerebro-hive-website/apps/studio/app/playground/design-system/page.tsx,124,CardDescription,[Empty],,Missing,High,Unknown
page,D:/{MY_PROJECTS}/{OPC_cerebro_hive}/OPC/cerebro-hive-website/apps/studio/app/playground/design-system/page.tsx,126,CardContent,[Icon/Image],,Missing,High,Unknown
page,D:/{MY_PROJECTS}/{OPC_cerebro_hive}/OPC/cerebro-hive-website/apps/studio/app/playground/design-system/page.tsx,134,TabsContent,[Icon/Image],,Missing,High,Unknown
page,D:/{MY_PROJECTS}/{OPC_cerebro_hive}/OPC/cerebro-hive-website/apps/studio/app/playground/design-system/page.tsx,135,Card,[Icon/Image],,Missing,High,Unknown
page,D:/{MY_PROJECTS}/{OPC_cerebro_hive}/OPC/cerebro-hive-website/apps/studio/app/playground/design-system/page.tsx,136,CardHeader,[Empty],,Missing,High,Unknown
page,D:/{MY_PROJECTS}/{OPC_cerebro_hive}/OPC/cerebro-hive-website/apps/studio/app/playground/design-system/page.tsx,137,CardTitle,[Empty],,Missing,High,Unknown
page,D:/{MY_PROJECTS}/{OPC_cerebro_hive}/OPC/cerebro-hive-website/apps/studio/app/playground/design-system/page.tsx,138,CardDescription,[Empty],,Missing,High,Unknown
page,D:/{MY_PROJECTS}/{OPC_cerebro_hive}/OPC/cerebro-hive-website/apps/studio/app/playground/design-system/page.tsx,140,CardContent,[Icon/Image],,Missing,High,Unknown
page,D:/{MY_PROJECTS}/{OPC_cerebro_hive}/OPC/cerebro-hive-website/apps/studio/app/playground/design-system/page.tsx,153,Table,[Empty],,Missing,High,Unknown
page,D:/{MY_PROJECTS}/{OPC_cerebro_hive}/OPC/cerebro-hive-website/apps/studio/app/playground/design-system/page.tsx,154,TableCaption,[Empty],,Missing,High,Unknown
page,D:/{MY_PROJECTS}/{OPC_cerebro_hive}/OPC/cerebro-hive-website/apps/studio/app/playground/design-system/page.tsx,155,TableHeader,[Empty],,Missing,High,Unknown
page,D:/{MY_PROJECTS}/{OPC_cerebro_hive}/OPC/cerebro-hive-website/apps/studio/app/playground/design-system/page.tsx,156,TableRow,[Empty],,Missing,High,Unknown
page,D:/{MY_PROJECTS}/{OPC_cerebro_hive}/OPC/cerebro-hive-website/apps/studio/app/playground/design-system/page.tsx,157,TableHead,[Empty],,Missing,High,Unknown
page,D:/{MY_PROJECTS}/{OPC_cerebro_hive}/OPC/cerebro-hive-website/apps/studio/app/playground/design-system/page.tsx,158,TableHead,[Empty],,Missing,High,Unknown
page,D:/{MY_PROJECTS}/{OPC_cerebro_hive}/OPC/cerebro-hive-website/apps/studio/app/playground/design-system/page.tsx,159,TableHead,[Empty],,Missing,High,Unknown
page,D:/{MY_PROJECTS}/{OPC_cerebro_hive}/OPC/cerebro-hive-website/apps/studio/app/playground/design-system/page.tsx,160,TableHead,[Empty],,Missing,High,Unknown
page,D:/{MY_PROJECTS}/{OPC_cerebro_hive}/OPC/cerebro-hive-website/apps/studio/app/playground/design-system/page.tsx,163,TableBody,[Empty],,Missing,High,Unknown
page,D:/{MY_PROJECTS}/{OPC_cerebro_hive}/OPC/cerebro-hive-website/apps/studio/app/playground/design-system/page.tsx,164,TableRow,[Empty],,Missing,High,Unknown
page,D:/{MY_PROJECTS}/{OPC_cerebro_hive}/OPC/cerebro-hive-website/apps/studio/app/playground/design-system/page.tsx,165,TableCell,[Empty],,Missing,High,Unknown
page,D:/{MY_PROJECTS}/{OPC_cerebro_hive}/OPC/cerebro-hive-website/apps/studio/app/playground/design-system/page.tsx,166,TableCell,[Empty],,Missing,High,Unknown
page,D:/{MY_PROJECTS}/{OPC_cerebro_hive}/OPC/cerebro-hive-website/apps/studio/app/playground/design-system/page.tsx,167,TableCell,[Empty],,Missing,High,Unknown
page,D:/{MY_PROJECTS}/{OPC_cerebro_hive}/OPC/cerebro-hive-website/apps/studio/app/playground/design-system/page.tsx,168,TableCell,[Empty],,Missing,High,Unknown
page,D:/{MY_PROJECTS}/{OPC_cerebro_hive}/OPC/cerebro-hive-website/apps/studio/app/playground/design-system/page.tsx,170,TableRow,[Empty],,Missing,High,Unknown
page,D:/{MY_PROJECTS}/{OPC_cerebro_hive}/OPC/cerebro-hive-website/apps/studio/app/playground/design-system/page.tsx,171,TableCell,[Empty],,Missing,High,Unknown
page,D:/{MY_PROJECTS}/{OPC_cerebro_hive}/OPC/cerebro-hive-website/apps/studio/app/playground/design-system/page.tsx,172,TableCell,[Empty],,Missing,High,Unknown
page,D:/{MY_PROJECTS}/{OPC_cerebro_hive}/OPC/cerebro-hive-website/apps/studio/app/playground/design-system/page.tsx,173,TableCell,[Empty],,Missing,High,Unknown
page,D:/{MY_PROJECTS}/{OPC_cerebro_hive}/OPC/cerebro-hive-website/apps/studio/app/playground/design-system/page.tsx,174,TableCell,[Empty],,Missing,High,Unknown
page,D:/{MY_PROJECTS}/{OPC_cerebro_hive}/OPC/cerebro-hive-website/apps/studio/app/playground/design-system/page.tsx,103,DropdownMenuSeparator,[DropdownMenuSeparator],,Missing,High,Unknown
page,D:/{MY_PROJECTS}/{OPC_cerebro_hive}/OPC/cerebro-hive-website/apps/studio/app/prompts/[id]/page.tsx,51,div,{dynamic},Handler: {() => setActiveTab(tab as any)},Action,Medium,Action
page,D:/{MY_PROJECTS}/{OPC_cerebro_hive}/OPC/cerebro-hive-website/apps/studio/app/resources/ai-tools-directory/page.tsx,100,TrackedLink,[Icon/Image],/resources/blog,Valid,Medium,OK
page,D:/{MY_PROJECTS}/{OPC_cerebro_hive}/OPC/cerebro-hive-website/apps/studio/app/resources/ai-tools-directory/page.tsx,134,TrackedButton,{dynamic},Handler: {() => setSelectedCat(cat)},Action,Medium,Action
page,D:/{MY_PROJECTS}/{OPC_cerebro_hive}/OPC/cerebro-hive-website/apps/studio/app/resources/ai-tools-directory/page.tsx,200,TrackedLink,[Icon/Image],[Dynamic: tool.link],Valid,Medium,Unknown
page,D:/{MY_PROJECTS}/{OPC_cerebro_hive}/OPC/cerebro-hive-website/apps/studio/app/resources/blog/page.tsx,122,TrackedLink,[Icon/Image],[Dynamic: featuredArticle.slug],Valid,Medium,Unknown
page,D:/{MY_PROJECTS}/{OPC_cerebro_hive}/OPC/cerebro-hive-website/apps/studio/app/resources/blog/page.tsx,160,TrackedButton,{dynamic},Handler: {() => setActiveCategory(cat)},Action,Medium,Action
page,D:/{MY_PROJECTS}/{OPC_cerebro_hive}/OPC/cerebro-hive-website/apps/studio/app/resources/blog/page.tsx,184,TrackedLink,[Icon/Image],[Dynamic: article.slug],Valid,Medium,Unknown
page,D:/{MY_PROJECTS}/{OPC_cerebro_hive}/OPC/cerebro-hive-website/apps/studio/app/resources/blog/page.tsx,234,TrackedButton,[Icon/Image],,Missing,High,Unknown
page,D:/{MY_PROJECTS}/{OPC_cerebro_hive}/OPC/cerebro-hive-website/apps/studio/app/resources/templates/page.tsx,228,TrackedButton,[Icon/Image],Handler: {() => setActiveTemplate(tmpl)},Action,Medium,Action
page,D:/{MY_PROJECTS}/{OPC_cerebro_hive}/OPC/cerebro-hive-website/apps/studio/app/resources/templates/page.tsx,213,Icon,[Icon],,Missing,High,Unknown
page,D:/{MY_PROJECTS}/{OPC_cerebro_hive}/OPC/cerebro-hive-website/apps/studio/app/resources/whitepapers/page.tsx,72,TrackedButton,[Icon/Image],Handler: {onClose},Action,Medium,Action
page,D:/{MY_PROJECTS}/{OPC_cerebro_hive}/OPC/cerebro-hive-website/apps/studio/app/resources/whitepapers/page.tsx,98,TrackedButton,[Icon/Image],,Missing,High,Unknown
page,D:/{MY_PROJECTS}/{OPC_cerebro_hive}/OPC/cerebro-hive-website/apps/studio/app/resources/whitepapers/page.tsx,110,TrackedButton,[Empty],Handler: {onClose},Action,Medium,Action
page,D:/{MY_PROJECTS}/{OPC_cerebro_hive}/OPC/cerebro-hive-website/apps/studio/app/resources/whitepapers/page.tsx,188,TrackedButton,[Icon/Image],Handler: {() => setSelectedPaper(paper)},Action,Medium,Action
page,D:/{MY_PROJECTS}/{OPC_cerebro_hive}/OPC/cerebro-hive-website/apps/studio/app/reviews/[workflowId]/page.tsx,21,Button,[Icon/Image],Handler: {() => setSelectedReviewId(null)},Action,Medium,Action
page,D:/{MY_PROJECTS}/{OPC_cerebro_hive}/OPC/cerebro-hive-website/apps/studio/app/tools/ai-readiness/page.tsx,448,TrackedButton,[Icon/Image],Handler: {() => handleSelectOption(currentQuestion.id  opt.score)},Action,Medium,Action
page,D:/{MY_PROJECTS}/{OPC_cerebro_hive}/OPC/cerebro-hive-website/apps/studio/app/tools/ai-readiness/page.tsx,489,TrackedButton,[Icon/Image],Handler: {handleBack},Action,Medium,Action
page,D:/{MY_PROJECTS}/{OPC_cerebro_hive}/OPC/cerebro-hive-website/apps/studio/app/tools/ai-readiness/page.tsx,611,TrackedButton,{dynamic},,Missing,High,Unknown
page,D:/{MY_PROJECTS}/{OPC_cerebro_hive}/OPC/cerebro-hive-website/apps/studio/app/tools/ai-readiness/page.tsx,658,TrackedButton,{dynamic},Handler: {handleDownloadReport},Action,Medium,Action
page,D:/{MY_PROJECTS}/{OPC_cerebro_hive}/OPC/cerebro-hive-website/apps/studio/app/tools/ai-readiness/page.tsx,865,TrackedButton,[Icon/Image],Handler: {() => {                      setCurrentIdx(0);                      setAnswers({});                      setShowResult(false);                    }},Action,Medium,Action
page,D:/{MY_PROJECTS}/{OPC_cerebro_hive}/OPC/cerebro-hive-website/apps/studio/app/tools/solution-finder/page.tsx,197,TrackedButton,{dynamic},Handler: {() => setIndustry(ind)},Action,Medium,Action
page,D:/{MY_PROJECTS}/{OPC_cerebro_hive}/OPC/cerebro-hive-website/apps/studio/app/tools/solution-finder/page.tsx,246,TrackedButton,{dynamic},Handler: {() => setTeamSize(size)},Action,Medium,Action
page,D:/{MY_PROJECTS}/{OPC_cerebro_hive}/OPC/cerebro-hive-website/apps/studio/app/tools/solution-finder/page.tsx,307,TrackedButton,{dynamic},Handler: {() => toggleGoal(goal)},Action,Medium,Action
page,D:/{MY_PROJECTS}/{OPC_cerebro_hive}/OPC/cerebro-hive-website/apps/studio/app/tools/solution-finder/page.tsx,363,TrackedButton,[Empty],Handler: {() => setMaturity(item.title)},Action,Medium,Action
page,D:/{MY_PROJECTS}/{OPC_cerebro_hive}/OPC/cerebro-hive-website/apps/studio/app/tools/solution-finder/page.tsx,413,TrackedButton,{dynamic},Handler: {() => setBudget(range)},Action,Medium,Action
page,D:/{MY_PROJECTS}/{OPC_cerebro_hive}/OPC/cerebro-hive-website/apps/studio/app/tools/solution-finder/page.tsx,456,TrackedButton,[Icon/Image],Handler: {prevStep},Action,Medium,Action
page,D:/{MY_PROJECTS}/{OPC_cerebro_hive}/OPC/cerebro-hive-website/apps/studio/app/tools/solution-finder/page.tsx,495,TrackedButton,{dynamic},Handler: {nextStep},Action,Medium,Action
page,D:/{MY_PROJECTS}/{OPC_cerebro_hive}/OPC/cerebro-hive-website/apps/studio/app/tools/solution-finder/page.tsx,599,TrackedButton,{dynamic},,Missing,High,Unknown
page,D:/{MY_PROJECTS}/{OPC_cerebro_hive}/OPC/cerebro-hive-website/apps/studio/app/tools/solution-finder/page.tsx,632,TrackedButton,{dynamic},Handler: {handleDownloadReport},Action,Medium,Action
page,D:/{MY_PROJECTS}/{OPC_cerebro_hive}/OPC/cerebro-hive-website/apps/studio/app/tools/solution-finder/page.tsx,733,TrackedButton,{dynamic},Handler: {handleBookMeeting},Action,Medium,Action
page,D:/{MY_PROJECTS}/{OPC_cerebro_hive}/OPC/cerebro-hive-website/apps/studio/app/tools/solution-finder/page.tsx,779,TrackedButton,[Empty],Handler: {() => {                    setStep(1);                    setIndustry("");                    setTeamSize("");                    setGoals([]);                    setMaturity("");                    setBudget("");                    setShowReport(false);                    setBookedMeeting(false);                  }},Action,Medium,Action
Copy,D:/{MY_PROJECTS}/{OPC_cerebro_hive}/OPC/cerebro-hive-website/apps/studio/components/cerebro/icons/actions/Copy.tsx,6,BaseIcon,[Icon/Image],,Missing,High,Unknown
Refresh,D:/{MY_PROJECTS}/{OPC_cerebro_hive}/OPC/cerebro-hive-website/apps/studio/components/cerebro/icons/actions/Refresh.tsx,6,BaseIcon,[Icon/Image],,Missing,High,Unknown
Sparkles,D:/{MY_PROJECTS}/{OPC_cerebro_hive}/OPC/cerebro-hive-website/apps/studio/components/cerebro/icons/actions/Sparkles.tsx,6,BaseIcon,[Icon/Image],,Missing,High,Unknown
Zap,D:/{MY_PROJECTS}/{OPC_cerebro_hive}/OPC/cerebro-hive-website/apps/studio/components/cerebro/icons/actions/Zap.tsx,6,BaseIcon,[Icon/Image],,Missing,High,Unknown
Robot,D:/{MY_PROJECTS}/{OPC_cerebro_hive}/OPC/cerebro-hive-website/apps/studio/components/cerebro/icons/agents/Robot.tsx,6,BaseIcon,[Icon/Image],,Missing,High,Unknown
AiBrain,D:/{MY_PROJECTS}/{OPC_cerebro_hive}/OPC/cerebro-hive-website/apps/studio/components/cerebro/icons/ai/AiBrain.tsx,6,BaseIcon,[Icon/Image],,Missing,High,Unknown
ChartBar,D:/{MY_PROJECTS}/{OPC_cerebro_hive}/OPC/cerebro-hive-website/apps/studio/components/cerebro/icons/analytics/ChartBar.tsx,6,BaseIcon,[Icon/Image],,Missing,High,Unknown
ChartPie,D:/{MY_PROJECTS}/{OPC_cerebro_hive}/OPC/cerebro-hive-website/apps/studio/components/cerebro/icons/analytics/ChartPie.tsx,6,BaseIcon,[Icon/Image],,Missing,High,Unknown
AgentSwarm,D:/{MY_PROJECTS}/{OPC_cerebro_hive}/OPC/cerebro-hive-website/apps/studio/components/cerebro/icons/branding/AgentSwarm.tsx,6,BaseIcon,[Icon/Image],,Missing,High,Unknown
AiOperatingSystem,D:/{MY_PROJECTS}/{OPC_cerebro_hive}/OPC/cerebro-hive-website/apps/studio/components/cerebro/icons/branding/AiOperatingSystem.tsx,6,BaseIcon,[Icon/Image],,Missing,High,Unknown
CerebroArchive,D:/{MY_PROJECTS}/{OPC_cerebro_hive}/OPC/cerebro-hive-website/apps/studio/components/cerebro/icons/branding/CerebroArchive.tsx,6,BaseIcon,[Icon/Image],,Missing,High,Unknown
CerebroFlow,D:/{MY_PROJECTS}/{OPC_cerebro_hive}/OPC/cerebro-hive-website/apps/studio/components/cerebro/icons/branding/CerebroFlow.tsx,6,BaseIcon,[Icon/Image],,Missing,High,Unknown
CerebroInsight,D:/{MY_PROJECTS}/{OPC_cerebro_hive}/OPC/cerebro-hive-website/apps/studio/components/cerebro/icons/branding/CerebroInsight.tsx,6,BaseIcon,[Icon/Image],,Missing,High,Unknown
CerebroStudio,D:/{MY_PROJECTS}/{OPC_cerebro_hive}/OPC/cerebro-hive-website/apps/studio/components/cerebro/icons/branding/CerebroStudio.tsx,6,BaseIcon,[Icon/Image],,Missing,High,Unknown
CerebroXCore,D:/{MY_PROJECTS}/{OPC_cerebro_hive}/OPC/cerebro-hive-website/apps/studio/components/cerebro/icons/branding/CerebroXCore.tsx,6,BaseIcon,[Icon/Image],,Missing,High,Unknown
CognitivePipeline,D:/{MY_PROJECTS}/{OPC_cerebro_hive}/OPC/cerebro-hive-website/apps/studio/components/cerebro/icons/branding/CognitivePipeline.tsx,6,BaseIcon,[Icon/Image],,Missing,High,Unknown
EnterpriseBrain,D:/{MY_PROJECTS}/{OPC_cerebro_hive}/OPC/cerebro-hive-website/apps/studio/components/cerebro/icons/branding/EnterpriseBrain.tsx,6,BaseIcon,[Icon/Image],,Missing,High,Unknown
HiveShield,D:/{MY_PROJECTS}/{OPC_cerebro_hive}/OPC/cerebro-hive-website/apps/studio/components/cerebro/icons/branding/HiveShield.tsx,6,BaseIcon,[Icon/Image],,Missing,High,Unknown
KnowledgeGalaxy,D:/{MY_PROJECTS}/{OPC_cerebro_hive}/OPC/cerebro-hive-website/apps/studio/components/cerebro/icons/branding/KnowledgeGalaxy.tsx,6,BaseIcon,[Icon/Image],,Missing,High,Unknown
LivingDigitalTwin,D:/{MY_PROJECTS}/{OPC_cerebro_hive}/OPC/cerebro-hive-website/apps/studio/components/cerebro/icons/branding/LivingDigitalTwin.tsx,6,BaseIcon,[Icon/Image],,Missing,High,Unknown
NeuralFabric,D:/{MY_PROJECTS}/{OPC_cerebro_hive}/OPC/cerebro-hive-website/apps/studio/components/cerebro/icons/branding/NeuralFabric.tsx,6,BaseIcon,[Icon/Image],,Missing,High,Unknown
ReasoningEngine,D:/{MY_PROJECTS}/{OPC_cerebro_hive}/OPC/cerebro-hive-website/apps/studio/components/cerebro/icons/branding/ReasoningEngine.tsx,6,BaseIcon,[Icon/Image],,Missing,High,Unknown
SemanticMemory,D:/{MY_PROJECTS}/{OPC_cerebro_hive}/OPC/cerebro-hive-website/apps/studio/components/cerebro/icons/branding/SemanticMemory.tsx,6,BaseIcon,[Icon/Image],,Missing,High,Unknown
BotAvatar,D:/{MY_PROJECTS}/{OPC_cerebro_hive}/OPC/cerebro-hive-website/apps/studio/components/cerebro/icons/chat/BotAvatar.tsx,6,BaseIcon,[Icon/Image],,Missing,High,Unknown
Message,D:/{MY_PROJECTS}/{OPC_cerebro_hive}/OPC/cerebro-hive-website/apps/studio/components/cerebro/icons/chat/Message.tsx,6,BaseIcon,[Icon/Image],,Missing,High,Unknown
MessageDots,D:/{MY_PROJECTS}/{OPC_cerebro_hive}/OPC/cerebro-hive-website/apps/studio/components/cerebro/icons/chat/MessageDots.tsx,6,BaseIcon,[Icon/Image],,Missing,High,Unknown
Send,D:/{MY_PROJECTS}/{OPC_cerebro_hive}/OPC/cerebro-hive-website/apps/studio/components/cerebro/icons/chat/Send.tsx,6,BaseIcon,[Icon/Image],,Missing,High,Unknown
UserAvatar,D:/{MY_PROJECTS}/{OPC_cerebro_hive}/OPC/cerebro-hive-website/apps/studio/components/cerebro/icons/chat/UserAvatar.tsx,6,BaseIcon,[Icon/Image],,Missing,High,Unknown
Cloud,D:/{MY_PROJECTS}/{OPC_cerebro_hive}/OPC/cerebro-hive-website/apps/studio/components/cerebro/icons/cloud/Cloud.tsx,6,BaseIcon,[Icon/Image],,Missing,High,Unknown
CloudCompute,D:/{MY_PROJECTS}/{OPC_cerebro_hive}/OPC/cerebro-hive-website/apps/studio/components/cerebro/icons/cloud/CloudCompute.tsx,6,BaseIcon,[Icon/Image],,Missing,High,Unknown
ThumbsDown,D:/{MY_PROJECTS}/{OPC_cerebro_hive}/OPC/cerebro-hive-website/apps/studio/components/cerebro/icons/communication/ThumbsDown.tsx,6,BaseIcon,[Icon/Image],,Missing,High,Unknown
ThumbsUp,D:/{MY_PROJECTS}/{OPC_cerebro_hive}/OPC/cerebro-hive-website/apps/studio/components/cerebro/icons/communication/ThumbsUp.tsx,6,BaseIcon,[Icon/Image],,Missing,High,Unknown
Home,D:/{MY_PROJECTS}/{OPC_cerebro_hive}/OPC/cerebro-hive-website/apps/studio/components/cerebro/icons/dashboard/Home.tsx,6,BaseIcon,[Icon/Image],,Missing,High,Unknown
Database,D:/{MY_PROJECTS}/{OPC_cerebro_hive}/OPC/cerebro-hive-website/apps/studio/components/cerebro/icons/database/Database.tsx,6,BaseIcon,[Icon/Image],,Missing,High,Unknown
Api,D:/{MY_PROJECTS}/{OPC_cerebro_hive}/OPC/cerebro-hive-website/apps/studio/components/cerebro/icons/developer/Api.tsx,6,BaseIcon,[Icon/Image],,Missing,High,Unknown
Terminal,D:/{MY_PROJECTS}/{OPC_cerebro_hive}/OPC/cerebro-hive-website/apps/studio/components/cerebro/icons/developer/Terminal.tsx,6,BaseIcon,[Icon/Image],,Missing,High,Unknown
Building,D:/{MY_PROJECTS}/{OPC_cerebro_hive}/OPC/cerebro-hive-website/apps/studio/components/cerebro/icons/enterprise/Building.tsx,6,BaseIcon,[Icon/Image],,Missing,High,Unknown
Users,D:/{MY_PROJECTS}/{OPC_cerebro_hive}/OPC/cerebro-hive-website/apps/studio/components/cerebro/icons/enterprise/Users.tsx,6,BaseIcon,[Icon/Image],,Missing,High,Unknown
Attachment,D:/{MY_PROJECTS}/{OPC_cerebro_hive}/OPC/cerebro-hive-website/apps/studio/components/cerebro/icons/files/Attachment.tsx,6,BaseIcon,[Icon/Image],,Missing,High,Unknown
Document,D:/{MY_PROJECTS}/{OPC_cerebro_hive}/OPC/cerebro-hive-website/apps/studio/components/cerebro/icons/files/Document.tsx,6,BaseIcon,[Icon/Image],,Missing,High,Unknown
FileCode,D:/{MY_PROJECTS}/{OPC_cerebro_hive}/OPC/cerebro-hive-website/apps/studio/components/cerebro/icons/files/FileCode.tsx,6,BaseIcon,[Icon/Image],,Missing,High,Unknown
FileJson,D:/{MY_PROJECTS}/{OPC_cerebro_hive}/OPC/cerebro-hive-website/apps/studio/components/cerebro/icons/files/FileJson.tsx,6,BaseIcon,[Icon/Image],,Missing,High,Unknown
Server,D:/{MY_PROJECTS}/{OPC_cerebro_hive}/OPC/cerebro-hive-website/apps/studio/components/cerebro/icons/infrastructure/Server.tsx,6,BaseIcon,[Icon/Image],,Missing,High,Unknown
Menu,D:/{MY_PROJECTS}/{OPC_cerebro_hive}/OPC/cerebro-hive-website/apps/studio/components/cerebro/icons/navigation/Menu.tsx,6,BaseIcon,[Icon/Image],,Missing,High,Unknown
Search,D:/{MY_PROJECTS}/{OPC_cerebro_hive}/OPC/cerebro-hive-website/apps/studio/components/cerebro/icons/navigation/Search.tsx,6,BaseIcon,[Icon/Image],,Missing,High,Unknown
Settings,D:/{MY_PROJECTS}/{OPC_cerebro_hive}/OPC/cerebro-hive-website/apps/studio/components/cerebro/icons/navigation/Settings.tsx,6,BaseIcon,[Icon/Image],,Missing,High,Unknown
SidebarLeft,D:/{MY_PROJECTS}/{OPC_cerebro_hive}/OPC/cerebro-hive-website/apps/studio/components/cerebro/icons/navigation/SidebarLeft.tsx,6,BaseIcon,[Icon/Image],,Missing,High,Unknown
User,D:/{MY_PROJECTS}/{OPC_cerebro_hive}/OPC/cerebro-hive-website/apps/studio/components/cerebro/icons/navigation/User.tsx,6,BaseIcon,[Icon/Image],,Missing,High,Unknown
Lock,D:/{MY_PROJECTS}/{OPC_cerebro_hive}/OPC/cerebro-hive-website/apps/studio/components/cerebro/icons/security/Lock.tsx,6,BaseIcon,[Icon/Image],,Missing,High,Unknown
Shield,D:/{MY_PROJECTS}/{OPC_cerebro_hive}/OPC/cerebro-hive-website/apps/studio/components/cerebro/icons/security/Shield.tsx,6,BaseIcon,[Icon/Image],,Missing,High,Unknown
AlertCircle,D:/{MY_PROJECTS}/{OPC_cerebro_hive}/OPC/cerebro-hive-website/apps/studio/components/cerebro/icons/status/AlertCircle.tsx,6,BaseIcon,[Icon/Image],,Missing,High,Unknown
CheckCircle,D:/{MY_PROJECTS}/{OPC_cerebro_hive}/OPC/cerebro-hive-website/apps/studio/components/cerebro/icons/status/CheckCircle.tsx,6,BaseIcon,[Icon/Image],,Missing,High,Unknown
Loader,D:/{MY_PROJECTS}/{OPC_cerebro_hive}/OPC/cerebro-hive-website/apps/studio/components/cerebro/icons/status/Loader.tsx,6,BaseIcon,[Icon/Image],,Missing,High,Unknown
StatusOffline,D:/{MY_PROJECTS}/{OPC_cerebro_hive}/OPC/cerebro-hive-website/apps/studio/components/cerebro/icons/status/StatusOffline.tsx,6,BaseIcon,[Icon/Image],,Missing,High,Unknown
StatusOnline,D:/{MY_PROJECTS}/{OPC_cerebro_hive}/OPC/cerebro-hive-website/apps/studio/components/cerebro/icons/status/StatusOnline.tsx,6,BaseIcon,[Icon/Image],,Missing,High,Unknown
Pipeline,D:/{MY_PROJECTS}/{OPC_cerebro_hive}/OPC/cerebro-hive-website/apps/studio/components/cerebro/icons/workflow/Pipeline.tsx,6,BaseIcon,[Icon/Image],,Missing,High,Unknown
Workflow,D:/{MY_PROJECTS}/{OPC_cerebro_hive}/OPC/cerebro-hive-website/apps/studio/components/cerebro/icons/workflow/Workflow.tsx,6,BaseIcon,[Icon/Image],,Missing,High,Unknown
WorkflowNodes,D:/{MY_PROJECTS}/{OPC_cerebro_hive}/OPC/cerebro-hive-website/apps/studio/components/cerebro/icons/workflow/WorkflowNodes.tsx,6,BaseIcon,[Icon/Image],,Missing,High,Unknown
InspectorPanel,D:/{MY_PROJECTS}/{OPC_cerebro_hive}/OPC/cerebro-hive-website/apps/studio/components/company/leadership/org-chart/InspectorPanel.tsx,45,TrackedButton,[Icon/Image],Handler: {() => setSelectedNode(null)},Action,Medium,Action
InspectorPanel,D:/{MY_PROJECTS}/{OPC_cerebro_hive}/OPC/cerebro-hive-website/apps/studio/components/company/leadership/org-chart/InspectorPanel.tsx,96,TrackedButton,[Icon/Image],,Missing,High,Unknown
InspectorPanel,D:/{MY_PROJECTS}/{OPC_cerebro_hive}/OPC/cerebro-hive-website/apps/studio/components/company/leadership/org-chart/InspectorPanel.tsx,136,TrackedButton,[Icon/Image],Handler: {() => fitView({ padding: 0.2  duration: 800 })},Action,Medium,Action
InspectorPanel,D:/{MY_PROJECTS}/{OPC_cerebro_hive}/OPC/cerebro-hive-website/apps/studio/components/company/leadership/org-chart/InspectorPanel.tsx,139,TrackedButton,[Icon/Image],Handler: {() => zoomIn({ duration: 400 })},Action,Medium,Action
InspectorPanel,D:/{MY_PROJECTS}/{OPC_cerebro_hive}/OPC/cerebro-hive-website/apps/studio/components/company/leadership/org-chart/InspectorPanel.tsx,142,TrackedButton,[Icon/Image],Handler: {() => zoomOut({ duration: 400 })},Action,Medium,Action
InspectorPanel,D:/{MY_PROJECTS}/{OPC_cerebro_hive}/OPC/cerebro-hive-website/apps/studio/components/company/leadership/org-chart/InspectorPanel.tsx,146,TrackedButton,[Icon/Image],,Missing,High,Unknown
OrgNavRail,D:/{MY_PROJECTS}/{OPC_cerebro_hive}/OPC/cerebro-hive-website/apps/studio/components/company/leadership/org-chart/OrgNavRail.tsx,34,div,[Empty],Handler: {() => { analytics.track({ eventName: 'click'  category: 'org-chart'  label: 'Monogram - CEO' }); handleNavClick('ceo'); }},Action,Medium,Action
OrgNavRail,D:/{MY_PROJECTS}/{OPC_cerebro_hive}/OPC/cerebro-hive-website/apps/studio/components/company/leadership/org-chart/OrgNavRail.tsx,40,TrackedButton,{dynamic} {dynamic},Handler: {() => handleNavClick(item.id)},Action,Medium,Action
OrgNavRail,D:/{MY_PROJECTS}/{OPC_cerebro_hive}/OPC/cerebro-hive-website/apps/studio/components/company/leadership/org-chart/OrgNavRail.tsx,64,TrackedButton,[Icon/Image],,Missing,High,Unknown
OrgNavRail,D:/{MY_PROJECTS}/{OPC_cerebro_hive}/OPC/cerebro-hive-website/apps/studio/components/company/leadership/org-chart/OrgNavRail.tsx,67,TrackedButton,[Icon/Image],,Missing,High,Unknown
page,D:/{MY_PROJECTS}/{OPC_cerebro_hive}/OPC/cerebro-hive-website/apps/studio/app/(platform)/app/agents/page.tsx,16,button,[Empty],,Missing,High,Unknown
page,D:/{MY_PROJECTS}/{OPC_cerebro_hive}/OPC/cerebro-hive-website/apps/studio/app/(platform)/app/agents/page.tsx,26,Link,[Empty],[Dynamic: `/app/agents/${agent.id}`],Valid,Low,Unknown
page,D:/{MY_PROJECTS}/{OPC_cerebro_hive}/OPC/cerebro-hive-website/apps/studio/app/(platform)/app/ai/page.tsx,33,Button,[Empty],,Missing,High,Unknown
page,D:/{MY_PROJECTS}/{OPC_cerebro_hive}/OPC/cerebro-hive-website/apps/studio/app/(platform)/app/ai/page.tsx,34,Button,[Icon/Image],,Missing,High,Unknown
page,D:/{MY_PROJECTS}/{OPC_cerebro_hive}/OPC/cerebro-hive-website/apps/studio/app/(platform)/app/ai/page.tsx,51,Card,[Icon/Image],,Missing,High,Unknown
page,D:/{MY_PROJECTS}/{OPC_cerebro_hive}/OPC/cerebro-hive-website/apps/studio/app/(platform)/app/ai/page.tsx,52,Table,[Icon/Image],,Missing,High,Unknown
page,D:/{MY_PROJECTS}/{OPC_cerebro_hive}/OPC/cerebro-hive-website/apps/studio/app/(platform)/app/ai/page.tsx,53,TableHeader,[Empty],,Missing,High,Unknown
page,D:/{MY_PROJECTS}/{OPC_cerebro_hive}/OPC/cerebro-hive-website/apps/studio/app/(platform)/app/ai/page.tsx,54,TableRow,[Empty],,Missing,High,Unknown
page,D:/{MY_PROJECTS}/{OPC_cerebro_hive}/OPC/cerebro-hive-website/apps/studio/app/(platform)/app/ai/page.tsx,55,TableHead,[Empty],,Missing,High,Unknown
page,D:/{MY_PROJECTS}/{OPC_cerebro_hive}/OPC/cerebro-hive-website/apps/studio/app/(platform)/app/ai/page.tsx,56,TableHead,[Empty],,Missing,High,Unknown
page,D:/{MY_PROJECTS}/{OPC_cerebro_hive}/OPC/cerebro-hive-website/apps/studio/app/(platform)/app/ai/page.tsx,57,TableHead,[Empty],,Missing,High,Unknown
page,D:/{MY_PROJECTS}/{OPC_cerebro_hive}/OPC/cerebro-hive-website/apps/studio/app/(platform)/app/ai/page.tsx,58,TableHead,[Empty],,Missing,High,Unknown
page,D:/{MY_PROJECTS}/{OPC_cerebro_hive}/OPC/cerebro-hive-website/apps/studio/app/(platform)/app/ai/page.tsx,61,TableBody,{dynamic},,Missing,High,Unknown
page,D:/{MY_PROJECTS}/{OPC_cerebro_hive}/OPC/cerebro-hive-website/apps/studio/app/(platform)/app/ai/page.tsx,67,TableRow,[Icon/Image],,Missing,High,Unknown
page,D:/{MY_PROJECTS}/{OPC_cerebro_hive}/OPC/cerebro-hive-website/apps/studio/app/(platform)/app/ai/page.tsx,68,TableCell,[Icon/Image],,Missing,High,Unknown
page,D:/{MY_PROJECTS}/{OPC_cerebro_hive}/OPC/cerebro-hive-website/apps/studio/app/(platform)/app/ai/page.tsx,79,TableCell,[Icon/Image],,Missing,High,Unknown
page,D:/{MY_PROJECTS}/{OPC_cerebro_hive}/OPC/cerebro-hive-website/apps/studio/app/(platform)/app/ai/page.tsx,85,TableCell,[Empty],,Missing,High,Unknown
page,D:/{MY_PROJECTS}/{OPC_cerebro_hive}/OPC/cerebro-hive-website/apps/studio/app/(platform)/app/ai/page.tsx,88,TableCell,[Empty],,Missing,High,Unknown
page,D:/{MY_PROJECTS}/{OPC_cerebro_hive}/OPC/cerebro-hive-website/apps/studio/app/(platform)/app/ai/page.tsx,89,Button,[Empty],,Missing,High,Unknown
page,D:/{MY_PROJECTS}/{OPC_cerebro_hive}/OPC/cerebro-hive-website/apps/studio/app/(platform)/app/ai/page.tsx,103,TrackedLink,[Icon/Image],/app/ai/studio,Valid,Medium,Broken (404)
page,D:/{MY_PROJECTS}/{OPC_cerebro_hive}/OPC/cerebro-hive-website/apps/studio/app/(platform)/app/ai/page.tsx,104,Card,[Icon/Image],,Missing,High,Unknown
page,D:/{MY_PROJECTS}/{OPC_cerebro_hive}/OPC/cerebro-hive-website/apps/studio/app/(platform)/app/ai/page.tsx,112,TrackedLink,[Icon/Image],/app/ai/prompts,Valid,Medium,Broken (404)
page,D:/{MY_PROJECTS}/{OPC_cerebro_hive}/OPC/cerebro-hive-website/apps/studio/app/(platform)/app/ai/page.tsx,113,Card,[Icon/Image],,Missing,High,Unknown
page,D:/{MY_PROJECTS}/{OPC_cerebro_hive}/OPC/cerebro-hive-website/apps/studio/app/(platform)/app/ai/page.tsx,127,TrackedButton,[Empty],,Missing,High,Unknown
page,D:/{MY_PROJECTS}/{OPC_cerebro_hive}/OPC/cerebro-hive-website/apps/studio/app/(platform)/app/ai/page.tsx,129,Card,{dynamic},,Missing,High,Unknown
page,D:/{MY_PROJECTS}/{OPC_cerebro_hive}/OPC/cerebro-hive-website/apps/studio/app/(platform)/app/ai/page.tsx,43,StatCard,[StatCard],,Missing,High,Unknown
page,D:/{MY_PROJECTS}/{OPC_cerebro_hive}/OPC/cerebro-hive-website/apps/studio/app/(platform)/app/ai/page.tsx,109,ChevronRightIcon,[ChevronRightIcon],,Missing,High,Unknown
page,D:/{MY_PROJECTS}/{OPC_cerebro_hive}/OPC/cerebro-hive-website/apps/studio/app/(platform)/app/ai/page.tsx,118,ChevronRightIcon,[ChevronRightIcon],,Missing,High,Unknown
RightPanel,D:/{MY_PROJECTS}/{OPC_cerebro_hive}/OPC/cerebro-hive-website/apps/studio/app/(platform)/app/components/RightPanel.tsx,15,Card,[Empty],,Missing,High,Unknown
RightPanel,D:/{MY_PROJECTS}/{OPC_cerebro_hive}/OPC/cerebro-hive-website/apps/studio/app/(platform)/app/components/RightPanel.tsx,22,Button,[Empty],,Missing,High,Unknown
RightPanel,D:/{MY_PROJECTS}/{OPC_cerebro_hive}/OPC/cerebro-hive-website/apps/studio/app/(platform)/app/components/RightPanel.tsx,33,Card,[Icon/Image],,Missing,High,Unknown
Sidebar,D:/{MY_PROJECTS}/{OPC_cerebro_hive}/OPC/cerebro-hive-website/apps/studio/app/(platform)/app/components/Sidebar.tsx,66,TrackedLink,{dynamic},/app,Valid,Medium,OK
Sidebar,D:/{MY_PROJECTS}/{OPC_cerebro_hive}/OPC/cerebro-hive-website/apps/studio/app/(platform)/app/components/Sidebar.tsx,73,TrackedButton,{dynamic},Handler: {toggleCollapse},Action,Medium,Action
Sidebar,D:/{MY_PROJECTS}/{OPC_cerebro_hive}/OPC/cerebro-hive-website/apps/studio/app/(platform)/app/components/Sidebar.tsx,83,TrackedButton,[Icon/Image],Handler: {closeMobile},Action,Medium,Action
Sidebar,D:/{MY_PROJECTS}/{OPC_cerebro_hive}/OPC/cerebro-hive-website/apps/studio/app/(platform)/app/components/Sidebar.tsx,97,TrackedButton,{dynamic},Handler: {() => setWorkspaceOpen(!workspaceOpen)},Action,Medium,Action
Sidebar,D:/{MY_PROJECTS}/{OPC_cerebro_hive}/OPC/cerebro-hive-website/apps/studio/app/(platform)/app/components/Sidebar.tsx,124,TrackedButton,[Empty],,Missing,High,Unknown
Sidebar,D:/{MY_PROJECTS}/{OPC_cerebro_hive}/OPC/cerebro-hive-website/apps/studio/app/(platform)/app/components/Sidebar.tsx,125,TrackedButton,[Empty],,Missing,High,Unknown
Sidebar,D:/{MY_PROJECTS}/{OPC_cerebro_hive}/OPC/cerebro-hive-website/apps/studio/app/(platform)/app/components/Sidebar.tsx,126,TrackedButton,[Empty],,Missing,High,Unknown
Sidebar,D:/{MY_PROJECTS}/{OPC_cerebro_hive}/OPC/cerebro-hive-website/apps/studio/app/(platform)/app/components/Sidebar.tsx,140,TrackedLink,{dynamic} {dynamic},[Dynamic: fav.href],Valid,Medium,Unknown
Sidebar,D:/{MY_PROJECTS}/{OPC_cerebro_hive}/OPC/cerebro-hive-website/apps/studio/app/(platform)/app/components/Sidebar.tsx,166,TrackedButton,{dynamic},Handler: {() => setForgeOpen(prev => !prev)},Action,Medium,Action
Sidebar,D:/{MY_PROJECTS}/{OPC_cerebro_hive}/OPC/cerebro-hive-website/apps/studio/app/(platform)/app/components/Sidebar.tsx,193,TrackedLink,{dynamic},[Dynamic: item.href],Valid,Medium,Unknown
Sidebar,D:/{MY_PROJECTS}/{OPC_cerebro_hive}/OPC/cerebro-hive-website/apps/studio/app/(platform)/app/components/Sidebar.tsx,231,TrackedLink,{dynamic} {dynamic},[Dynamic: item.href],Valid,Medium,Unknown
Sidebar,D:/{MY_PROJECTS}/{OPC_cerebro_hive}/OPC/cerebro-hive-website/apps/studio/app/(platform)/app/components/Sidebar.tsx,45,div,[div],Handler: {closeMobile},Action,Medium,Action
Topbar,D:/{MY_PROJECTS}/{OPC_cerebro_hive}/OPC/cerebro-hive-website/apps/studio/app/(platform)/app/components/Topbar.tsx,92,TrackedButton,[Icon/Image],Handler: {() => setOpen((v) => !v)},Action,Medium,Action
Topbar,D:/{MY_PROJECTS}/{OPC_cerebro_hive}/OPC/cerebro-hive-website/apps/studio/app/(platform)/app/components/Topbar.tsx,115,TrackedButton,{dynamic},Handler: {() => { setActiveId(ws.id); setOpen(false); }},Action,Medium,Action
Topbar,D:/{MY_PROJECTS}/{OPC_cerebro_hive}/OPC/cerebro-hive-website/apps/studio/app/(platform)/app/components/Topbar.tsx,135,Link,[Empty],/app/organizations,Valid,Low,Broken (404)
Topbar,D:/{MY_PROJECTS}/{OPC_cerebro_hive}/OPC/cerebro-hive-website/apps/studio/app/(platform)/app/components/Topbar.tsx,166,TrackedButton,{dynamic},Handler: {() => setOpen((v) => !v)},Action,Medium,Action
Topbar,D:/{MY_PROJECTS}/{OPC_cerebro_hive}/OPC/cerebro-hive-website/apps/studio/app/(platform)/app/components/Topbar.tsx,194,TrackedButton,[Empty],Handler: {() => setNotes((n) => n.map((x) => ({ ...x  read: true })))},Action,Medium,Action
Topbar,D:/{MY_PROJECTS}/{OPC_cerebro_hive}/OPC/cerebro-hive-website/apps/studio/app/(platform)/app/components/Topbar.tsx,206,TrackedButton,[Icon/Image],Handler: {() => setNotes((prev) => prev.map((x) => x.id === n.id ? { ...x  read: true } : x))},Action,Medium,Action
Topbar,D:/{MY_PROJECTS}/{OPC_cerebro_hive}/OPC/cerebro-hive-website/apps/studio/app/(platform)/app/components/Topbar.tsx,227,Link,[Empty],/app/support,Valid,Low,Broken (404)
Topbar,D:/{MY_PROJECTS}/{OPC_cerebro_hive}/OPC/cerebro-hive-website/apps/studio/app/(platform)/app/components/Topbar.tsx,250,TrackedButton,[Icon/Image],Handler: {() => setOpen((v) => !v)},Action,Medium,Action
Topbar,D:/{MY_PROJECTS}/{OPC_cerebro_hive}/OPC/cerebro-hive-website/apps/studio/app/(platform)/app/components/Topbar.tsx,280,Link,[Icon/Image],/app/organizations,Valid,Low,Broken (404)
Topbar,D:/{MY_PROJECTS}/{OPC_cerebro_hive}/OPC/cerebro-hive-website/apps/studio/app/(platform)/app/components/Topbar.tsx,287,Link,[Icon/Image],/app/business/billing,Valid,Low,Broken (404)
Topbar,D:/{MY_PROJECTS}/{OPC_cerebro_hive}/OPC/cerebro-hive-website/apps/studio/app/(platform)/app/components/Topbar.tsx,294,Link,[Icon/Image],/app/security,Valid,Low,Broken (404)
Topbar,D:/{MY_PROJECTS}/{OPC_cerebro_hive}/OPC/cerebro-hive-website/apps/studio/app/(platform)/app/components/Topbar.tsx,304,Link,[Icon/Image],/,Valid,Low,OK
Topbar,D:/{MY_PROJECTS}/{OPC_cerebro_hive}/OPC/cerebro-hive-website/apps/studio/app/(platform)/app/components/Topbar.tsx,343,TrackedButton,[Icon/Image],Handler: {toggleMobile},Action,Medium,Action
Topbar,D:/{MY_PROJECTS}/{OPC_cerebro_hive}/OPC/cerebro-hive-website/apps/studio/app/(platform)/app/components/Topbar.tsx,357,TrackedButton,[Icon/Image],Handler: {() => setCmdOpen(true)},Action,Medium,Action
Topbar,D:/{MY_PROJECTS}/{OPC_cerebro_hive}/OPC/cerebro-hive-website/apps/studio/app/(platform)/app/components/Topbar.tsx,379,TrackedButton,[Icon/Image],Handler: {() => setAssistantOpen(true)},Action,Medium,Action
Topbar,D:/{MY_PROJECTS}/{OPC_cerebro_hive}/OPC/cerebro-hive-website/apps/studio/app/(platform)/app/components/Topbar.tsx,292,CreditCard,[CreditCard],,Missing,High,Unknown
Topbar,D:/{MY_PROJECTS}/{OPC_cerebro_hive}/OPC/cerebro-hive-website/apps/studio/app/(platform)/app/components/Topbar.tsx,396,CommandPalette,[CommandPalette],,Missing,High,Unknown
page,D:/{MY_PROJECTS}/{OPC_cerebro_hive}/OPC/cerebro-hive-website/apps/studio/app/(platform)/app/forge/page.tsx,113,Button,[Icon/Image],,Missing,High,Unknown
page,D:/{MY_PROJECTS}/{OPC_cerebro_hive}/OPC/cerebro-hive-website/apps/studio/app/(platform)/app/forge/page.tsx,114,Button,{dynamic},Handler: {handleNewProject},Action,Medium,Action
page,D:/{MY_PROJECTS}/{OPC_cerebro_hive}/OPC/cerebro-hive-website/apps/studio/app/(platform)/app/forge/page.tsx,141,Button,{dynamic},Handler: {handleBuild},Action,Medium,Action
page,D:/{MY_PROJECTS}/{OPC_cerebro_hive}/OPC/cerebro-hive-website/apps/studio/app/(platform)/app/forge/page.tsx,152,button,{dynamic},Handler: {() => setPrompt(`Build a ${s}`)},Action,Medium,Action
page,D:/{MY_PROJECTS}/{OPC_cerebro_hive}/OPC/cerebro-hive-website/apps/studio/app/(platform)/app/forge/page.tsx,178,Link,[Icon/Image],/app/forge/planner,Valid,Low,OK
page,D:/{MY_PROJECTS}/{OPC_cerebro_hive}/OPC/cerebro-hive-website/apps/studio/app/(platform)/app/forge/page.tsx,184,Card,[Icon/Image],,Missing,High,Unknown
page,D:/{MY_PROJECTS}/{OPC_cerebro_hive}/OPC/cerebro-hive-website/apps/studio/app/(platform)/app/forge/page.tsx,188,Card,[Empty],,Missing,High,Unknown
page,D:/{MY_PROJECTS}/{OPC_cerebro_hive}/OPC/cerebro-hive-website/apps/studio/app/(platform)/app/forge/page.tsx,202,Card,[Icon/Image],,Missing,High,Unknown
page,D:/{MY_PROJECTS}/{OPC_cerebro_hive}/OPC/cerebro-hive-website/apps/studio/app/(platform)/app/forge/page.tsx,228,Link,[Icon/Image],[Dynamic: `/app/forge/planner?projectId=${project.id}`],Valid,Low,Unknown
page,D:/{MY_PROJECTS}/{OPC_cerebro_hive}/OPC/cerebro-hive-website/apps/studio/app/(platform)/app/forge/page.tsx,229,Button,[Icon/Image],,Missing,High,Unknown
page,D:/{MY_PROJECTS}/{OPC_cerebro_hive}/OPC/cerebro-hive-website/apps/studio/app/(platform)/app/forge/page.tsx,250,Card,{dynamic},,Missing,High,Unknown
page,D:/{MY_PROJECTS}/{OPC_cerebro_hive}/OPC/cerebro-hive-website/apps/studio/app/(platform)/app/forge/page.tsx,290,Link,[Icon/Image],[Dynamic: contextId ? `${mod.href}?projectId=${contextId}` : mod.href],Valid,Low,Unknown
page,D:/{MY_PROJECTS}/{OPC_cerebro_hive}/OPC/cerebro-hive-website/apps/studio/app/(platform)/app/forge/page.tsx,291,Card,[Icon/Image],,Missing,High,Unknown
page,D:/{MY_PROJECTS}/{OPC_cerebro_hive}/OPC/cerebro-hive-website/apps/studio/app/(platform)/app/forge/page.tsx,166,StatCard,[StatCard],,Missing,High,Unknown
page,D:/{MY_PROJECTS}/{OPC_cerebro_hive}/OPC/cerebro-hive-website/apps/studio/app/(platform)/app/forge/page.tsx,167,StatCard,[StatCard],,Missing,High,Unknown
page,D:/{MY_PROJECTS}/{OPC_cerebro_hive}/OPC/cerebro-hive-website/apps/studio/app/(platform)/app/forge/page.tsx,168,StatCard,[StatCard],,Missing,High,Unknown
page,D:/{MY_PROJECTS}/{OPC_cerebro_hive}/OPC/cerebro-hive-website/apps/studio/app/(platform)/app/forge/page.tsx,169,StatCard,[StatCard],,Missing,High,Unknown
layout,D:/{MY_PROJECTS}/{OPC_cerebro_hive}/OPC/cerebro-hive-website/apps/studio/app/(platform)/app/hiveops/layout.tsx,33,Link,{dynamic},[Dynamic: item.href],Valid,Low,Unknown
layout,D:/{MY_PROJECTS}/{OPC_cerebro_hive}/OPC/cerebro-hive-website/apps/studio/app/(platform)/app/hiveops/layout.tsx,42,Icon,[Icon],,Missing,High,Unknown
page,D:/{MY_PROJECTS}/{OPC_cerebro_hive}/OPC/cerebro-hive-website/apps/studio/app/(platform)/app/hiveops/page.tsx,91,Link,[Icon/Image],[Dynamic: link.href],Valid,Low,Unknown
page,D:/{MY_PROJECTS}/{OPC_cerebro_hive}/OPC/cerebro-hive-website/apps/studio/app/(platform)/app/hiveops/page.tsx,92,Card,[Icon/Image],,Missing,High,Unknown
page,D:/{MY_PROJECTS}/{OPC_cerebro_hive}/OPC/cerebro-hive-website/apps/studio/app/(platform)/app/hiveops/page.tsx,110,Link,[Icon/Image],/app/hiveops/pipelines,Valid,Low,OK
page,D:/{MY_PROJECTS}/{OPC_cerebro_hive}/OPC/cerebro-hive-website/apps/studio/app/(platform)/app/hiveops/page.tsx,111,Button,[Icon/Image],,Missing,High,Unknown
page,D:/{MY_PROJECTS}/{OPC_cerebro_hive}/OPC/cerebro-hive-website/apps/studio/app/(platform)/app/hiveops/page.tsx,119,Card,{dynamic},,Missing,High,Unknown
page,D:/{MY_PROJECTS}/{OPC_cerebro_hive}/OPC/cerebro-hive-website/apps/studio/app/(platform)/app/hiveops/page.tsx,143,Card,[Empty],,Missing,High,Unknown
page,D:/{MY_PROJECTS}/{OPC_cerebro_hive}/OPC/cerebro-hive-website/apps/studio/app/(platform)/app/hiveops/page.tsx,160,Card,[Icon/Image],,Missing,High,Unknown
page,D:/{MY_PROJECTS}/{OPC_cerebro_hive}/OPC/cerebro-hive-website/apps/studio/app/(platform)/app/hiveops/page.tsx,183,Card,[Icon/Image],,Missing,High,Unknown
page,D:/{MY_PROJECTS}/{OPC_cerebro_hive}/OPC/cerebro-hive-website/apps/studio/app/(platform)/app/hiveops/page.tsx,80,StatCard,[StatCard],,Missing,High,Unknown
page,D:/{MY_PROJECTS}/{OPC_cerebro_hive}/OPC/cerebro-hive-website/apps/studio/app/(platform)/app/hiveops/page.tsx,81,StatCard,[StatCard],,Missing,High,Unknown
page,D:/{MY_PROJECTS}/{OPC_cerebro_hive}/OPC/cerebro-hive-website/apps/studio/app/(platform)/app/hiveops/page.tsx,82,StatCard,[StatCard],,Missing,High,Unknown
page,D:/{MY_PROJECTS}/{OPC_cerebro_hive}/OPC/cerebro-hive-website/apps/studio/app/(platform)/app/hiveops/page.tsx,83,StatCard,[StatCard],,Missing,High,Unknown
page,D:/{MY_PROJECTS}/{OPC_cerebro_hive}/OPC/cerebro-hive-website/apps/studio/app/(platform)/app/hiveops/page.tsx,94,Icon,[Icon],,Missing,High,Unknown
page,D:/{MY_PROJECTS}/{OPC_cerebro_hive}/OPC/cerebro-hive-website/apps/studio/app/(platform)/app/runtime/page.tsx,55,Button,[Icon/Image],,Missing,High,Unknown
page,D:/{MY_PROJECTS}/{OPC_cerebro_hive}/OPC/cerebro-hive-website/apps/studio/app/(platform)/app/runtime/page.tsx,59,Button,[Icon/Image],,Missing,High,Unknown
page,D:/{MY_PROJECTS}/{OPC_cerebro_hive}/OPC/cerebro-hive-website/apps/studio/app/(platform)/app/runtime/page.tsx,73,Tabs,[Icon/Image],,Missing,High,Unknown
page,D:/{MY_PROJECTS}/{OPC_cerebro_hive}/OPC/cerebro-hive-website/apps/studio/app/(platform)/app/runtime/page.tsx,74,TabsList,[Empty],,Missing,High,Unknown
page,D:/{MY_PROJECTS}/{OPC_cerebro_hive}/OPC/cerebro-hive-website/apps/studio/app/(platform)/app/runtime/page.tsx,75,TabsTrigger,[Empty],,Missing,High,Unknown
page,D:/{MY_PROJECTS}/{OPC_cerebro_hive}/OPC/cerebro-hive-website/apps/studio/app/(platform)/app/runtime/page.tsx,76,TabsTrigger,[Empty],,Missing,High,Unknown
page,D:/{MY_PROJECTS}/{OPC_cerebro_hive}/OPC/cerebro-hive-website/apps/studio/app/(platform)/app/runtime/page.tsx,77,TabsTrigger,[Empty],,Missing,High,Unknown
page,D:/{MY_PROJECTS}/{OPC_cerebro_hive}/OPC/cerebro-hive-website/apps/studio/app/(platform)/app/runtime/page.tsx,80,TabsContent,[Icon/Image],,Missing,High,Unknown
page,D:/{MY_PROJECTS}/{OPC_cerebro_hive}/OPC/cerebro-hive-website/apps/studio/app/(platform)/app/runtime/page.tsx,81,Card,[Icon/Image],,Missing,High,Unknown
page,D:/{MY_PROJECTS}/{OPC_cerebro_hive}/OPC/cerebro-hive-website/apps/studio/app/(platform)/app/runtime/page.tsx,82,CardHeader,[Icon/Image],,Missing,High,Unknown
page,D:/{MY_PROJECTS}/{OPC_cerebro_hive}/OPC/cerebro-hive-website/apps/studio/app/(platform)/app/runtime/page.tsx,84,CardTitle,[Empty],,Missing,High,Unknown
page,D:/{MY_PROJECTS}/{OPC_cerebro_hive}/OPC/cerebro-hive-website/apps/studio/app/(platform)/app/runtime/page.tsx,85,CardDescription,[Empty],,Missing,High,Unknown
page,D:/{MY_PROJECTS}/{OPC_cerebro_hive}/OPC/cerebro-hive-website/apps/studio/app/(platform)/app/runtime/page.tsx,92,CardContent,[Icon/Image],,Missing,High,Unknown
page,D:/{MY_PROJECTS}/{OPC_cerebro_hive}/OPC/cerebro-hive-website/apps/studio/app/(platform)/app/runtime/page.tsx,93,Table,[Icon/Image],,Missing,High,Unknown
page,D:/{MY_PROJECTS}/{OPC_cerebro_hive}/OPC/cerebro-hive-website/apps/studio/app/(platform)/app/runtime/page.tsx,94,TableHeader,[Empty],,Missing,High,Unknown
page,D:/{MY_PROJECTS}/{OPC_cerebro_hive}/OPC/cerebro-hive-website/apps/studio/app/(platform)/app/runtime/page.tsx,95,TableRow,[Empty],,Missing,High,Unknown
page,D:/{MY_PROJECTS}/{OPC_cerebro_hive}/OPC/cerebro-hive-website/apps/studio/app/(platform)/app/runtime/page.tsx,96,TableHead,[Empty],,Missing,High,Unknown
page,D:/{MY_PROJECTS}/{OPC_cerebro_hive}/OPC/cerebro-hive-website/apps/studio/app/(platform)/app/runtime/page.tsx,97,TableHead,[Empty],,Missing,High,Unknown
page,D:/{MY_PROJECTS}/{OPC_cerebro_hive}/OPC/cerebro-hive-website/apps/studio/app/(platform)/app/runtime/page.tsx,98,TableHead,[Empty],,Missing,High,Unknown
page,D:/{MY_PROJECTS}/{OPC_cerebro_hive}/OPC/cerebro-hive-website/apps/studio/app/(platform)/app/runtime/page.tsx,99,TableHead,[Empty],,Missing,High,Unknown
page,D:/{MY_PROJECTS}/{OPC_cerebro_hive}/OPC/cerebro-hive-website/apps/studio/app/(platform)/app/runtime/page.tsx,100,TableHead,[Empty],,Missing,High,Unknown
page,D:/{MY_PROJECTS}/{OPC_cerebro_hive}/OPC/cerebro-hive-website/apps/studio/app/(platform)/app/runtime/page.tsx,101,TableHead,[Empty],,Missing,High,Unknown
page,D:/{MY_PROJECTS}/{OPC_cerebro_hive}/OPC/cerebro-hive-website/apps/studio/app/(platform)/app/runtime/page.tsx,102,TableHead,[Empty],,Missing,High,Unknown
page,D:/{MY_PROJECTS}/{OPC_cerebro_hive}/OPC/cerebro-hive-website/apps/studio/app/(platform)/app/runtime/page.tsx,105,TableBody,[Icon/Image],,Missing,High,Unknown
page,D:/{MY_PROJECTS}/{OPC_cerebro_hive}/OPC/cerebro-hive-website/apps/studio/app/(platform)/app/runtime/page.tsx,115,TableCell,{dynamic},,Missing,High,Unknown
page,D:/{MY_PROJECTS}/{OPC_cerebro_hive}/OPC/cerebro-hive-website/apps/studio/app/(platform)/app/runtime/page.tsx,116,TableCell,{dynamic},,Missing,High,Unknown
page,D:/{MY_PROJECTS}/{OPC_cerebro_hive}/OPC/cerebro-hive-website/apps/studio/app/(platform)/app/runtime/page.tsx,117,TableCell,{dynamic},,Missing,High,Unknown
page,D:/{MY_PROJECTS}/{OPC_cerebro_hive}/OPC/cerebro-hive-website/apps/studio/app/(platform)/app/runtime/page.tsx,118,TableCell,[Icon/Image],,Missing,High,Unknown
page,D:/{MY_PROJECTS}/{OPC_cerebro_hive}/OPC/cerebro-hive-website/apps/studio/app/(platform)/app/runtime/page.tsx,121,TableCell,{dynamic},,Missing,High,Unknown
page,D:/{MY_PROJECTS}/{OPC_cerebro_hive}/OPC/cerebro-hive-website/apps/studio/app/(platform)/app/runtime/page.tsx,122,TableCell,{dynamic},,Missing,High,Unknown
page,D:/{MY_PROJECTS}/{OPC_cerebro_hive}/OPC/cerebro-hive-website/apps/studio/app/(platform)/app/runtime/page.tsx,123,TableCell,{dynamic} {dynamic},,Missing,High,Unknown
page,D:/{MY_PROJECTS}/{OPC_cerebro_hive}/OPC/cerebro-hive-website/apps/studio/app/(platform)/app/runtime/page.tsx,124,Button,[Icon/Image],,Missing,High,Unknown
page,D:/{MY_PROJECTS}/{OPC_cerebro_hive}/OPC/cerebro-hive-website/apps/studio/app/(platform)/app/runtime/page.tsx,128,Button,[Icon/Image],,Missing,High,Unknown
page,D:/{MY_PROJECTS}/{OPC_cerebro_hive}/OPC/cerebro-hive-website/apps/studio/app/(platform)/app/runtime/page.tsx,133,Button,[Icon/Image],,Missing,High,Unknown
page,D:/{MY_PROJECTS}/{OPC_cerebro_hive}/OPC/cerebro-hive-website/apps/studio/app/(platform)/app/runtime/page.tsx,147,TabsContent,[Icon/Image],,Missing,High,Unknown
page,D:/{MY_PROJECTS}/{OPC_cerebro_hive}/OPC/cerebro-hive-website/apps/studio/app/(platform)/app/runtime/page.tsx,148,Card,[Icon/Image],,Missing,High,Unknown
page,D:/{MY_PROJECTS}/{OPC_cerebro_hive}/OPC/cerebro-hive-website/apps/studio/app/(platform)/app/runtime/page.tsx,149,CardHeader,[Empty],,Missing,High,Unknown
page,D:/{MY_PROJECTS}/{OPC_cerebro_hive}/OPC/cerebro-hive-website/apps/studio/app/(platform)/app/runtime/page.tsx,150,CardTitle,[Empty],,Missing,High,Unknown
page,D:/{MY_PROJECTS}/{OPC_cerebro_hive}/OPC/cerebro-hive-website/apps/studio/app/(platform)/app/runtime/page.tsx,151,CardDescription,[Empty],,Missing,High,Unknown
page,D:/{MY_PROJECTS}/{OPC_cerebro_hive}/OPC/cerebro-hive-website/apps/studio/app/(platform)/app/runtime/page.tsx,153,CardContent,[Icon/Image],,Missing,High,Unknown
page,D:/{MY_PROJECTS}/{OPC_cerebro_hive}/OPC/cerebro-hive-website/apps/studio/app/(platform)/app/runtime/page.tsx,163,TabsContent,[Empty],,Missing,High,Unknown
page,D:/{MY_PROJECTS}/{OPC_cerebro_hive}/OPC/cerebro-hive-website/apps/studio/app/(platform)/app/runtime/page.tsx,164,Card,[Empty],,Missing,High,Unknown
page,D:/{MY_PROJECTS}/{OPC_cerebro_hive}/OPC/cerebro-hive-website/apps/studio/app/(platform)/app/runtime/page.tsx,165,CardHeader,[Empty],,Missing,High,Unknown
page,D:/{MY_PROJECTS}/{OPC_cerebro_hive}/OPC/cerebro-hive-website/apps/studio/app/(platform)/app/runtime/page.tsx,166,CardTitle,[Empty],,Missing,High,Unknown
page,D:/{MY_PROJECTS}/{OPC_cerebro_hive}/OPC/cerebro-hive-website/apps/studio/app/(platform)/app/runtime/page.tsx,167,CardDescription,[Empty],,Missing,High,Unknown
page,D:/{MY_PROJECTS}/{OPC_cerebro_hive}/OPC/cerebro-hive-website/apps/studio/app/(platform)/app/runtime/page.tsx,169,CardContent,{dynamic},,Missing,High,Unknown
page,D:/{MY_PROJECTS}/{OPC_cerebro_hive}/OPC/cerebro-hive-website/apps/studio/app/(platform)/app/talent/page.tsx,34,Button,[Empty],Handler: {() => analytics.track({ eventName: 'click'  category: 'talent'  label: 'Campaign Settings' })},Action,Medium,Action
page,D:/{MY_PROJECTS}/{OPC_cerebro_hive}/OPC/cerebro-hive-website/apps/studio/app/(platform)/app/talent/page.tsx,35,Button,[Empty],Handler: {() => analytics.track({ eventName: 'click'  category: 'talent'  label: 'Create Assessment' })},Action,Medium,Action
page,D:/{MY_PROJECTS}/{OPC_cerebro_hive}/OPC/cerebro-hive-website/apps/studio/app/(platform)/app/talent/page.tsx,54,Button,[Icon/Image],Handler: {() => analytics.track({ eventName: 'click'  category: 'talent'  label: 'Filter' })},Action,Medium,Action
page,D:/{MY_PROJECTS}/{OPC_cerebro_hive}/OPC/cerebro-hive-website/apps/studio/app/(platform)/app/talent/page.tsx,55,Button,[Icon/Image],Handler: {() => analytics.track({ eventName: 'click'  category: 'talent'  label: 'Search' })},Action,Medium,Action
page,D:/{MY_PROJECTS}/{OPC_cerebro_hive}/OPC/cerebro-hive-website/apps/studio/app/(platform)/app/talent/page.tsx,58,Card,[Empty],,Missing,High,Unknown
page,D:/{MY_PROJECTS}/{OPC_cerebro_hive}/OPC/cerebro-hive-website/apps/studio/app/(platform)/app/talent/page.tsx,59,Table,[Empty],,Missing,High,Unknown
page,D:/{MY_PROJECTS}/{OPC_cerebro_hive}/OPC/cerebro-hive-website/apps/studio/app/(platform)/app/talent/page.tsx,60,TableHeader,[Empty],,Missing,High,Unknown
page,D:/{MY_PROJECTS}/{OPC_cerebro_hive}/OPC/cerebro-hive-website/apps/studio/app/(platform)/app/talent/page.tsx,61,TableRow,[Empty],,Missing,High,Unknown
page,D:/{MY_PROJECTS}/{OPC_cerebro_hive}/OPC/cerebro-hive-website/apps/studio/app/(platform)/app/talent/page.tsx,62,TableHead,[Empty],,Missing,High,Unknown
page,D:/{MY_PROJECTS}/{OPC_cerebro_hive}/OPC/cerebro-hive-website/apps/studio/app/(platform)/app/talent/page.tsx,63,TableHead,[Empty],,Missing,High,Unknown
page,D:/{MY_PROJECTS}/{OPC_cerebro_hive}/OPC/cerebro-hive-website/apps/studio/app/(platform)/app/talent/page.tsx,64,TableHead,[Empty],,Missing,High,Unknown
page,D:/{MY_PROJECTS}/{OPC_cerebro_hive}/OPC/cerebro-hive-website/apps/studio/app/(platform)/app/talent/page.tsx,65,TableHead,[Empty],,Missing,High,Unknown
page,D:/{MY_PROJECTS}/{OPC_cerebro_hive}/OPC/cerebro-hive-website/apps/studio/app/(platform)/app/talent/page.tsx,68,TableBody,{dynamic},,Missing,High,Unknown
page,D:/{MY_PROJECTS}/{OPC_cerebro_hive}/OPC/cerebro-hive-website/apps/studio/app/(platform)/app/talent/page.tsx,75,TableRow,[Empty],,Missing,High,Unknown
page,D:/{MY_PROJECTS}/{OPC_cerebro_hive}/OPC/cerebro-hive-website/apps/studio/app/(platform)/app/talent/page.tsx,76,TableCell,[Empty],,Missing,High,Unknown
page,D:/{MY_PROJECTS}/{OPC_cerebro_hive}/OPC/cerebro-hive-website/apps/studio/app/(platform)/app/talent/page.tsx,82,TrackedLink,{dynamic},[Dynamic: `/app/talent/candidates/${candidate.name.toLowerCase().replace(' '  '-')}`],Valid,Medium,Unknown
page,D:/{MY_PROJECTS}/{OPC_cerebro_hive}/OPC/cerebro-hive-website/apps/studio/app/(platform)/app/talent/page.tsx,89,TableCell,[Empty],,Missing,High,Unknown
page,D:/{MY_PROJECTS}/{OPC_cerebro_hive}/OPC/cerebro-hive-website/apps/studio/app/(platform)/app/talent/page.tsx,92,TableCell,[Empty],,Missing,High,Unknown
page,D:/{MY_PROJECTS}/{OPC_cerebro_hive}/OPC/cerebro-hive-website/apps/studio/app/(platform)/app/talent/page.tsx,101,TableCell,[Empty],,Missing,High,Unknown
page,D:/{MY_PROJECTS}/{OPC_cerebro_hive}/OPC/cerebro-hive-website/apps/studio/app/(platform)/app/talent/page.tsx,123,Card,{dynamic},,Missing,High,Unknown
page,D:/{MY_PROJECTS}/{OPC_cerebro_hive}/OPC/cerebro-hive-website/apps/studio/app/(platform)/app/talent/page.tsx,138,Button,[Empty],Handler: {() => analytics.track({ eventName: 'click'  category: 'talent'  label: 'View Calendar' })},Action,Medium,Action
page,D:/{MY_PROJECTS}/{OPC_cerebro_hive}/OPC/cerebro-hive-website/apps/studio/app/(platform)/app/talent/page.tsx,146,TrackedLink,[Icon/Image],/app/talent/builder,Valid,Medium,OK
page,D:/{MY_PROJECTS}/{OPC_cerebro_hive}/OPC/cerebro-hive-website/apps/studio/app/(platform)/app/talent/page.tsx,147,Card,[Icon/Image],,Missing,High,Unknown
page,D:/{MY_PROJECTS}/{OPC_cerebro_hive}/OPC/cerebro-hive-website/apps/studio/app/(platform)/app/talent/page.tsx,157,TrackedLink,[Icon/Image],/app/talent/questions,Valid,Medium,Broken (404)
page,D:/{MY_PROJECTS}/{OPC_cerebro_hive}/OPC/cerebro-hive-website/apps/studio/app/(platform)/app/talent/page.tsx,158,Card,[Icon/Image],,Missing,High,Unknown
page,D:/{MY_PROJECTS}/{OPC_cerebro_hive}/OPC/cerebro-hive-website/apps/studio/app/(platform)/app/talent/page.tsx,44,StatCard,[StatCard],,Missing,High,Unknown
page,D:/{MY_PROJECTS}/{OPC_cerebro_hive}/OPC/cerebro-hive-website/apps/studio/app/(platform)/app/workflows/page.tsx,16,button,[Empty],,Missing,High,Unknown
page,D:/{MY_PROJECTS}/{OPC_cerebro_hive}/OPC/cerebro-hive-website/apps/studio/app/(platform)/app/workflows/page.tsx,26,Link,[Empty],[Dynamic: `/app/workflows/${workflow.id}`],Valid,Low,Unknown
page,D:/{MY_PROJECTS}/{OPC_cerebro_hive}/OPC/cerebro-hive-website/apps/studio/app/(platform)/archive/documents/page.tsx,35,TrackedLink,[Empty],/archive,Valid,Medium,OK
page,D:/{MY_PROJECTS}/{OPC_cerebro_hive}/OPC/cerebro-hive-website/apps/studio/app/(platform)/archive/documents/page.tsx,51,TrackedButton,[Icon/Image],,Missing,High,Unknown
page,D:/{MY_PROJECTS}/{OPC_cerebro_hive}/OPC/cerebro-hive-website/apps/studio/app/(platform)/archive/documents/page.tsx,55,TrackedButton,[Icon/Image],,Missing,High,Unknown
page,D:/{MY_PROJECTS}/{OPC_cerebro_hive}/OPC/cerebro-hive-website/apps/studio/app/(platform)/archive/documents/page.tsx,104,TrackedLink,{dynamic},[Dynamic: `/archive/documents/${doc.id}`],Valid,Medium,Unknown
page,D:/{MY_PROJECTS}/{OPC_cerebro_hive}/OPC/cerebro-hive-website/apps/studio/app/(platform)/archive/documents/page.tsx,122,TrackedButton,[Icon/Image],,Missing,High,Unknown
page,D:/{MY_PROJECTS}/{OPC_cerebro_hive}/OPC/cerebro-hive-website/apps/studio/app/(platform)/archive/documents/page.tsx,125,TrackedButton,[Icon/Image],,Missing,High,Unknown
page,D:/{MY_PROJECTS}/{OPC_cerebro_hive}/OPC/cerebro-hive-website/apps/studio/app/(platform)/archive/documents/page.tsx,128,TrackedButton,[Icon/Image],,Missing,High,Unknown
page,D:/{MY_PROJECTS}/{OPC_cerebro_hive}/OPC/cerebro-hive-website/apps/studio/app/(platform)/archive/documents/page.tsx,141,TrackedButton,[Empty],,Missing,High,Unknown
page,D:/{MY_PROJECTS}/{OPC_cerebro_hive}/OPC/cerebro-hive-website/apps/studio/app/(platform)/archive/documents/page.tsx,143,TrackedButton,[Empty],,Missing,High,Unknown
page,D:/{MY_PROJECTS}/{OPC_cerebro_hive}/OPC/cerebro-hive-website/apps/studio/app/(platform)/archive/documents/page.tsx,144,TrackedButton,[Empty],,Missing,High,Unknown
page,D:/{MY_PROJECTS}/{OPC_cerebro_hive}/OPC/cerebro-hive-website/apps/studio/app/(platform)/archive/documents/page.tsx,145,TrackedButton,[Empty],,Missing,High,Unknown
page,D:/{MY_PROJECTS}/{OPC_cerebro_hive}/OPC/cerebro-hive-website/apps/studio/app/(platform)/archive/documents/page.tsx,148,TrackedButton,[Empty],,Missing,High,Unknown
page,D:/{MY_PROJECTS}/{OPC_cerebro_hive}/OPC/cerebro-hive-website/apps/studio/app/(platform)/archive/prompts/page.tsx,69,TrackedLink,[Empty],/archive,Valid,Medium,OK
page,D:/{MY_PROJECTS}/{OPC_cerebro_hive}/OPC/cerebro-hive-website/apps/studio/app/(platform)/archive/prompts/page.tsx,85,TrackedButton,[Icon/Image],,Missing,High,Unknown
page,D:/{MY_PROJECTS}/{OPC_cerebro_hive}/OPC/cerebro-hive-website/apps/studio/app/(platform)/archive/prompts/page.tsx,89,TrackedButton,[Icon/Image],,Missing,High,Unknown
page,D:/{MY_PROJECTS}/{OPC_cerebro_hive}/OPC/cerebro-hive-website/apps/studio/app/(platform)/archive/prompts/page.tsx,103,TrackedButton,{dynamic},Handler: {() => setActiveCategory(cat)},Action,Medium,Action
page,D:/{MY_PROJECTS}/{OPC_cerebro_hive}/OPC/cerebro-hive-website/apps/studio/app/(platform)/archive/prompts/page.tsx,120,TrackedButton,{dynamic},,Missing,High,Unknown
page,D:/{MY_PROJECTS}/{OPC_cerebro_hive}/OPC/cerebro-hive-website/apps/studio/app/(platform)/archive/prompts/page.tsx,143,TrackedButton,[Icon/Image],,Missing,High,Unknown
page,D:/{MY_PROJECTS}/{OPC_cerebro_hive}/OPC/cerebro-hive-website/apps/studio/app/(platform)/archive/prompts/page.tsx,161,TrackedButton,[Icon/Image],,Missing,High,Unknown
page,D:/{MY_PROJECTS}/{OPC_cerebro_hive}/OPC/cerebro-hive-website/apps/studio/app/(platform)/archive/prompts/page.tsx,164,TrackedButton,[Icon/Image],,Missing,High,Unknown
page,D:/{MY_PROJECTS}/{OPC_cerebro_hive}/OPC/cerebro-hive-website/apps/studio/app/(platform)/archive/prompts/page.tsx,167,TrackedButton,[Icon/Image],,Missing,High,Unknown
page,D:/{MY_PROJECTS}/{OPC_cerebro_hive}/OPC/cerebro-hive-website/apps/studio/app/(platform)/archive/search/page.tsx,52,TrackedLink,[Empty],/archive,Valid,Medium,OK
page,D:/{MY_PROJECTS}/{OPC_cerebro_hive}/OPC/cerebro-hive-website/apps/studio/app/(platform)/archive/search/page.tsx,82,TrackedButton,[Icon/Image],,Missing,High,Unknown
page,D:/{MY_PROJECTS}/{OPC_cerebro_hive}/OPC/cerebro-hive-website/apps/studio/app/(platform)/archive/search/page.tsx,85,TrackedButton,[Empty],,Missing,High,Unknown
page,D:/{MY_PROJECTS}/{OPC_cerebro_hive}/OPC/cerebro-hive-website/apps/studio/app/(platform)/archive/search/page.tsx,122,TrackedButton,[Icon/Image],,Missing,High,Unknown
page,D:/{MY_PROJECTS}/{OPC_cerebro_hive}/OPC/cerebro-hive-website/apps/studio/app/(platform)/archive/search/page.tsx,133,TrackedButton,[Empty],,Missing,High,Unknown
page,D:/{MY_PROJECTS}/{OPC_cerebro_hive}/OPC/cerebro-hive-website/apps/studio/app/(platform)/archive/search/page.tsx,134,TrackedButton,[Empty],,Missing,High,Unknown
page,D:/{MY_PROJECTS}/{OPC_cerebro_hive}/OPC/cerebro-hive-website/apps/studio/app/(platform)/archive/search/page.tsx,135,TrackedButton,[Empty],,Missing,High,Unknown
page,D:/{MY_PROJECTS}/{OPC_cerebro_hive}/OPC/cerebro-hive-website/apps/studio/app/(platform)/archive/search/page.tsx,152,TrackedButton,[Icon/Image],,Missing,High,Unknown
page,D:/{MY_PROJECTS}/{OPC_cerebro_hive}/OPC/cerebro-hive-website/apps/studio/app/(platform)/archive/search/page.tsx,163,TrackedLink,{dynamic},[Dynamic: `/archive/documents/${res.id}`],Valid,Medium,Unknown
page,D:/{MY_PROJECTS}/{OPC_cerebro_hive}/OPC/cerebro-hive-website/apps/studio/app/(platform)/archive/search/page.tsx,194,TrackedLink,[Icon/Image],[Dynamic: `/archive/documents/${res.id}`],Valid,Medium,Unknown
page,D:/{MY_PROJECTS}/{OPC_cerebro_hive}/OPC/cerebro-hive-website/apps/studio/app/(platform)/studio/admin/page.tsx,17,WorkspaceCard,[Empty],,Missing,High,Unknown
page,D:/{MY_PROJECTS}/{OPC_cerebro_hive}/OPC/cerebro-hive-website/apps/studio/app/(platform)/studio/admin/page.tsx,22,WorkspaceCard,[Empty],,Missing,High,Unknown
page,D:/{MY_PROJECTS}/{OPC_cerebro_hive}/OPC/cerebro-hive-website/apps/studio/app/(platform)/studio/admin/page.tsx,10,MetricCard,[MetricCard],,Missing,High,Unknown
page,D:/{MY_PROJECTS}/{OPC_cerebro_hive}/OPC/cerebro-hive-website/apps/studio/app/(platform)/studio/admin/page.tsx,11,MetricCard,[MetricCard],,Missing,High,Unknown
page,D:/{MY_PROJECTS}/{OPC_cerebro_hive}/OPC/cerebro-hive-website/apps/studio/app/(platform)/studio/admin/page.tsx,12,MetricCard,[MetricCard],,Missing,High,Unknown
page,D:/{MY_PROJECTS}/{OPC_cerebro_hive}/OPC/cerebro-hive-website/apps/studio/app/(platform)/studio/admin/page.tsx,13,MetricCard,[MetricCard],,Missing,High,Unknown
page,D:/{MY_PROJECTS}/{OPC_cerebro_hive}/OPC/cerebro-hive-website/apps/studio/app/(platform)/studio/agents/page.tsx,52,button,[Icon/Image],Handler: {onClose},Action,Medium,Action
page,D:/{MY_PROJECTS}/{OPC_cerebro_hive}/OPC/cerebro-hive-website/apps/studio/app/(platform)/studio/agents/page.tsx,108,button,[Empty],Handler: {onClose},Action,Medium,Action
page,D:/{MY_PROJECTS}/{OPC_cerebro_hive}/OPC/cerebro-hive-website/apps/studio/app/(platform)/studio/agents/page.tsx,113,button,{dynamic},,Missing,High,Unknown
page,D:/{MY_PROJECTS}/{OPC_cerebro_hive}/OPC/cerebro-hive-website/apps/studio/app/(platform)/studio/agents/page.tsx,198,div,{dynamic},Handler: {e => e.stopPropagation()},Action,Medium,Action
page,D:/{MY_PROJECTS}/{OPC_cerebro_hive}/OPC/cerebro-hive-website/apps/studio/app/(platform)/studio/agents/page.tsx,200,button,[Empty],Handler: {e => handleDeactivate(agent  e)},Action,Medium,Action
page,D:/{MY_PROJECTS}/{OPC_cerebro_hive}/OPC/cerebro-hive-website/apps/studio/app/(platform)/studio/agents/page.tsx,221,button,[Icon/Image],Handler: {() => setModal(true)},Action,Medium,Action
page,D:/{MY_PROJECTS}/{OPC_cerebro_hive}/OPC/cerebro-hive-website/apps/studio/app/(platform)/studio/agents/page.tsx,237,button,[Empty],Handler: {refresh},Action,Medium,Action
page,D:/{MY_PROJECTS}/{OPC_cerebro_hive}/OPC/cerebro-hive-website/apps/studio/app/(platform)/studio/agents/page.tsx,255,button,[Empty],Handler: {() => setModal(true)},Action,Medium,Action
page,D:/{MY_PROJECTS}/{OPC_cerebro_hive}/OPC/cerebro-hive-website/apps/studio/app/(platform)/studio/agents/page.tsx,265,button,[Empty],Handler: {nextPage},Action,Medium,Action
page,D:/{MY_PROJECTS}/{OPC_cerebro_hive}/OPC/cerebro-hive-website/apps/studio/app/(platform)/studio/agents/page.tsx,241,DataTable,[DataTable],,Missing,High,Unknown
page,D:/{MY_PROJECTS}/{OPC_cerebro_hive}/OPC/cerebro-hive-website/apps/studio/app/(platform)/studio/capabilities/page.tsx,17,WorkspaceCard,[Empty],,Missing,High,Unknown
page,D:/{MY_PROJECTS}/{OPC_cerebro_hive}/OPC/cerebro-hive-website/apps/studio/app/(platform)/studio/capabilities/page.tsx,22,WorkspaceCard,[Empty],,Missing,High,Unknown
page,D:/{MY_PROJECTS}/{OPC_cerebro_hive}/OPC/cerebro-hive-website/apps/studio/app/(platform)/studio/capabilities/page.tsx,10,MetricCard,[MetricCard],,Missing,High,Unknown
page,D:/{MY_PROJECTS}/{OPC_cerebro_hive}/OPC/cerebro-hive-website/apps/studio/app/(platform)/studio/capabilities/page.tsx,11,MetricCard,[MetricCard],,Missing,High,Unknown
page,D:/{MY_PROJECTS}/{OPC_cerebro_hive}/OPC/cerebro-hive-website/apps/studio/app/(platform)/studio/capabilities/page.tsx,12,MetricCard,[MetricCard],,Missing,High,Unknown
page,D:/{MY_PROJECTS}/{OPC_cerebro_hive}/OPC/cerebro-hive-website/apps/studio/app/(platform)/studio/capabilities/page.tsx,13,MetricCard,[MetricCard],,Missing,High,Unknown
StudioShell,D:/{MY_PROJECTS}/{OPC_cerebro_hive}/OPC/cerebro-hive-website/apps/studio/app/(platform)/studio/components/StudioShell.tsx,52,a,{dynamic},[Dynamic: item.href],Valid,Low,Unknown
page,D:/{MY_PROJECTS}/{OPC_cerebro_hive}/OPC/cerebro-hive-website/apps/studio/app/(platform)/studio/dashboard/page.tsx,15,button,[Empty],Handler: {() => router.push(href)},Action,Medium,Action
page,D:/{MY_PROJECTS}/{OPC_cerebro_hive}/OPC/cerebro-hive-website/apps/studio/app/(platform)/studio/dashboard/page.tsx,122,div,[Icon/Image],Handler: {() => router.push(`/studio/workflows/${wf.id}`)},Action,Medium,Action
page,D:/{MY_PROJECTS}/{OPC_cerebro_hive}/OPC/cerebro-hive-website/apps/studio/app/(platform)/studio/dashboard/page.tsx,162,div,[Icon/Image],Handler: {() => router.push(`/studio/agents`)},Action,Medium,Action
page,D:/{MY_PROJECTS}/{OPC_cerebro_hive}/OPC/cerebro-hive-website/apps/studio/app/(platform)/studio/dashboard/page.tsx,109,SectionHeader,[SectionHeader],/studio/workflows,Valid,Medium,OK
page,D:/{MY_PROJECTS}/{OPC_cerebro_hive}/OPC/cerebro-hive-website/apps/studio/app/(platform)/studio/dashboard/page.tsx,149,SectionHeader,[SectionHeader],/studio/agents,Valid,Medium,OK
page,D:/{MY_PROJECTS}/{OPC_cerebro_hive}/OPC/cerebro-hive-website/apps/studio/app/(platform)/studio/evaluation/page.tsx,109,button,[Empty],Handler: {() => setNewRun(true)},Action,Medium,Action
page,D:/{MY_PROJECTS}/{OPC_cerebro_hive}/OPC/cerebro-hive-website/apps/studio/app/(platform)/studio/evaluation/page.tsx,121,button,[Empty],Handler: {() => void refresh()},Action,Medium,Action
page,D:/{MY_PROJECTS}/{OPC_cerebro_hive}/OPC/cerebro-hive-website/apps/studio/app/(platform)/studio/evaluation/page.tsx,140,button,[Icon/Image],Handler: {() => setSelected(null)},Action,Medium,Action
page,D:/{MY_PROJECTS}/{OPC_cerebro_hive}/OPC/cerebro-hive-website/apps/studio/app/(platform)/studio/evaluation/page.tsx,174,button,[Empty],Handler: {() => void handleCancel(selected.id)},Action,Medium,Action
page,D:/{MY_PROJECTS}/{OPC_cerebro_hive}/OPC/cerebro-hive-website/apps/studio/app/(platform)/studio/evaluation/page.tsx,187,button,[Icon/Image],Handler: {() => setNewRun(false)},Action,Medium,Action
page,D:/{MY_PROJECTS}/{OPC_cerebro_hive}/OPC/cerebro-hive-website/apps/studio/app/(platform)/studio/evaluation/page.tsx,218,button,[Empty],Handler: {() => setNewRun(false)},Action,Medium,Action
page,D:/{MY_PROJECTS}/{OPC_cerebro_hive}/OPC/cerebro-hive-website/apps/studio/app/(platform)/studio/evaluation/page.tsx,219,button,{dynamic},Handler: {() => void handleCreate()},Action,Medium,Action
page,D:/{MY_PROJECTS}/{OPC_cerebro_hive}/OPC/cerebro-hive-website/apps/studio/app/(platform)/studio/evaluation/page.tsx,125,DataTable,[DataTable],,Missing,High,Unknown
page,D:/{MY_PROJECTS}/{OPC_cerebro_hive}/OPC/cerebro-hive-website/apps/studio/app/(platform)/studio/events/page.tsx,24,div,[Icon/Image],Handler: {onClick},Action,Medium,Action
page,D:/{MY_PROJECTS}/{OPC_cerebro_hive}/OPC/cerebro-hive-website/apps/studio/app/(platform)/studio/events/page.tsx,77,button,[Empty],Handler: {clear},Action,Medium,Action
page,D:/{MY_PROJECTS}/{OPC_cerebro_hive}/OPC/cerebro-hive-website/apps/studio/app/(platform)/studio/events/page.tsx,78,button,{dynamic},Handler: {() => setPaused(p => !p)},Action,Medium,Action
page,D:/{MY_PROJECTS}/{OPC_cerebro_hive}/OPC/cerebro-hive-website/apps/studio/app/(platform)/studio/events/page.tsx,86,button,[Icon/Image],Handler: {() => setDomain(domainFilter === d ? "" : d)},Action,Medium,Action
page,D:/{MY_PROJECTS}/{OPC_cerebro_hive}/OPC/cerebro-hive-website/apps/studio/app/(platform)/studio/events/page.tsx,132,button,[Icon/Image],Handler: {() => setSelectedId(null)},Action,Medium,Action
page,D:/{MY_PROJECTS}/{OPC_cerebro_hive}/OPC/cerebro-hive-website/apps/studio/app/(platform)/studio/events/page.tsx,121,EventRow,[EventRow],Handler: {() => setSelectedId(selectedId === event.id ? null : event.id)},Action,Medium,Action
page,D:/{MY_PROJECTS}/{OPC_cerebro_hive}/OPC/cerebro-hive-website/apps/studio/app/(platform)/studio/governance/page.tsx,17,WorkspaceCard,[Empty],,Missing,High,Unknown
page,D:/{MY_PROJECTS}/{OPC_cerebro_hive}/OPC/cerebro-hive-website/apps/studio/app/(platform)/studio/governance/page.tsx,22,WorkspaceCard,[Empty],,Missing,High,Unknown
page,D:/{MY_PROJECTS}/{OPC_cerebro_hive}/OPC/cerebro-hive-website/apps/studio/app/(platform)/studio/governance/page.tsx,10,MetricCard,[MetricCard],,Missing,High,Unknown
page,D:/{MY_PROJECTS}/{OPC_cerebro_hive}/OPC/cerebro-hive-website/apps/studio/app/(platform)/studio/governance/page.tsx,11,MetricCard,[MetricCard],,Missing,High,Unknown
page,D:/{MY_PROJECTS}/{OPC_cerebro_hive}/OPC/cerebro-hive-website/apps/studio/app/(platform)/studio/governance/page.tsx,12,MetricCard,[MetricCard],,Missing,High,Unknown
page,D:/{MY_PROJECTS}/{OPC_cerebro_hive}/OPC/cerebro-hive-website/apps/studio/app/(platform)/studio/governance/page.tsx,13,MetricCard,[MetricCard],,Missing,High,Unknown
page,D:/{MY_PROJECTS}/{OPC_cerebro_hive}/OPC/cerebro-hive-website/apps/studio/app/(platform)/studio/knowledge/page.tsx,43,button,[Icon/Image],Handler: {onClose},Action,Medium,Action
page,D:/{MY_PROJECTS}/{OPC_cerebro_hive}/OPC/cerebro-hive-website/apps/studio/app/(platform)/studio/knowledge/page.tsx,75,button,[Empty],Handler: {onClose},Action,Medium,Action
page,D:/{MY_PROJECTS}/{OPC_cerebro_hive}/OPC/cerebro-hive-website/apps/studio/app/(platform)/studio/knowledge/page.tsx,78,button,{dynamic},,Missing,High,Unknown
page,D:/{MY_PROJECTS}/{OPC_cerebro_hive}/OPC/cerebro-hive-website/apps/studio/app/(platform)/studio/knowledge/page.tsx,248,button,[Icon/Image],Handler: {() => setModal(true)},Action,Medium,Action
page,D:/{MY_PROJECTS}/{OPC_cerebro_hive}/OPC/cerebro-hive-website/apps/studio/app/(platform)/studio/knowledge/page.tsx,264,button,[Empty],Handler: {refresh},Action,Medium,Action
page,D:/{MY_PROJECTS}/{OPC_cerebro_hive}/OPC/cerebro-hive-website/apps/studio/app/(platform)/studio/knowledge/page.tsx,284,button,[Empty],Handler: {() => setModal(true)},Action,Medium,Action
page,D:/{MY_PROJECTS}/{OPC_cerebro_hive}/OPC/cerebro-hive-website/apps/studio/app/(platform)/studio/knowledge/page.tsx,166,DataTable,[DataTable],,Missing,High,Unknown
page,D:/{MY_PROJECTS}/{OPC_cerebro_hive}/OPC/cerebro-hive-website/apps/studio/app/(platform)/studio/knowledge/page.tsx,269,DataTable,[DataTable],,Missing,High,Unknown
page,D:/{MY_PROJECTS}/{OPC_cerebro_hive}/OPC/cerebro-hive-website/apps/studio/app/(platform)/studio/models/page.tsx,42,button,{dynamic},Handler: {onClick},Action,Medium,Action
page,D:/{MY_PROJECTS}/{OPC_cerebro_hive}/OPC/cerebro-hive-website/apps/studio/app/(platform)/studio/models/page.tsx,134,button,{dynamic},Handler: {() => void handleInvalidateCache()},Action,Medium,Action
page,D:/{MY_PROJECTS}/{OPC_cerebro_hive}/OPC/cerebro-hive-website/apps/studio/app/(platform)/studio/models/page.tsx,156,button,{dynamic},Handler: {() => setProvider(p)},Action,Medium,Action
page,D:/{MY_PROJECTS}/{OPC_cerebro_hive}/OPC/cerebro-hive-website/apps/studio/app/(platform)/studio/models/page.tsx,167,button,{dynamic},Handler: {() => setCapability(c)},Action,Medium,Action
page,D:/{MY_PROJECTS}/{OPC_cerebro_hive}/OPC/cerebro-hive-website/apps/studio/app/(platform)/studio/models/page.tsx,178,button,{dynamic},Handler: {() => setStatusFilt(s)},Action,Medium,Action
page,D:/{MY_PROJECTS}/{OPC_cerebro_hive}/OPC/cerebro-hive-website/apps/studio/app/(platform)/studio/models/page.tsx,189,button,[Empty],Handler: {() => void refresh()},Action,Medium,Action
page,D:/{MY_PROJECTS}/{OPC_cerebro_hive}/OPC/cerebro-hive-website/apps/studio/app/(platform)/studio/models/page.tsx,226,button,[Icon/Image],Handler: {() => setSelected(null)},Action,Medium,Action
page,D:/{MY_PROJECTS}/{OPC_cerebro_hive}/OPC/cerebro-hive-website/apps/studio/app/(platform)/studio/models/page.tsx,206,ModelCard,[ModelCard],Handler: {() => setSelected(selected?.id === m.id ? null : m)},Action,Medium,Action
page,D:/{MY_PROJECTS}/{OPC_cerebro_hive}/OPC/cerebro-hive-website/apps/studio/app/(platform)/studio/prompts/page.tsx,14,div,{dynamic},Handler: {onClick},Action,Medium,Action
page,D:/{MY_PROJECTS}/{OPC_cerebro_hive}/OPC/cerebro-hive-website/apps/studio/app/(platform)/studio/prompts/page.tsx,94,button,[Empty],Handler: {() => setShowNew(true)},Action,Medium,Action
page,D:/{MY_PROJECTS}/{OPC_cerebro_hive}/OPC/cerebro-hive-website/apps/studio/app/(platform)/studio/prompts/page.tsx,106,button,[Empty],Handler: {() => void refresh()},Action,Medium,Action
page,D:/{MY_PROJECTS}/{OPC_cerebro_hive}/OPC/cerebro-hive-website/apps/studio/app/(platform)/studio/prompts/page.tsx,142,button,[Icon/Image],Handler: {() => setSelected(null)},Action,Medium,Action
page,D:/{MY_PROJECTS}/{OPC_cerebro_hive}/OPC/cerebro-hive-website/apps/studio/app/(platform)/studio/prompts/page.tsx,185,button,[Empty],Handler: {() => void handlePublish(selected.id)},Action,Medium,Action
page,D:/{MY_PROJECTS}/{OPC_cerebro_hive}/OPC/cerebro-hive-website/apps/studio/app/(platform)/studio/prompts/page.tsx,190,button,[Empty],Handler: {() => void handleActivate(selected.id  activeVer ?? selected.activeVersion)},Action,Medium,Action
page,D:/{MY_PROJECTS}/{OPC_cerebro_hive}/OPC/cerebro-hive-website/apps/studio/app/(platform)/studio/prompts/page.tsx,204,button,[Icon/Image],Handler: {() => setShowNew(false)},Action,Medium,Action
page,D:/{MY_PROJECTS}/{OPC_cerebro_hive}/OPC/cerebro-hive-website/apps/studio/app/(platform)/studio/prompts/page.tsx,229,button,[Empty],Handler: {() => setShowNew(false)},Action,Medium,Action
page,D:/{MY_PROJECTS}/{OPC_cerebro_hive}/OPC/cerebro-hive-website/apps/studio/app/(platform)/studio/prompts/page.tsx,230,button,{dynamic},Handler: {() => void handleCreate()},Action,Medium,Action
page,D:/{MY_PROJECTS}/{OPC_cerebro_hive}/OPC/cerebro-hive-website/apps/studio/app/(platform)/studio/prompts/page.tsx,125,PromptCard,[PromptCard],Handler: {() => { setSelected(selectedId === prompt.id ? null : prompt.id); setActiveVer(null); }},Action,Medium,Action
page,D:/{MY_PROJECTS}/{OPC_cerebro_hive}/OPC/cerebro-hive-website/apps/studio/app/(platform)/studio/runtime/page.tsx,17,WorkspaceCard,[Empty],,Missing,High,Unknown
page,D:/{MY_PROJECTS}/{OPC_cerebro_hive}/OPC/cerebro-hive-website/apps/studio/app/(platform)/studio/runtime/page.tsx,22,WorkspaceCard,[Empty],,Missing,High,Unknown
page,D:/{MY_PROJECTS}/{OPC_cerebro_hive}/OPC/cerebro-hive-website/apps/studio/app/(platform)/studio/runtime/page.tsx,10,MetricCard,[MetricCard],,Missing,High,Unknown
page,D:/{MY_PROJECTS}/{OPC_cerebro_hive}/OPC/cerebro-hive-website/apps/studio/app/(platform)/studio/runtime/page.tsx,11,MetricCard,[MetricCard],,Missing,High,Unknown
page,D:/{MY_PROJECTS}/{OPC_cerebro_hive}/OPC/cerebro-hive-website/apps/studio/app/(platform)/studio/runtime/page.tsx,12,MetricCard,[MetricCard],,Missing,High,Unknown
page,D:/{MY_PROJECTS}/{OPC_cerebro_hive}/OPC/cerebro-hive-website/apps/studio/app/(platform)/studio/runtime/page.tsx,13,MetricCard,[MetricCard],,Missing,High,Unknown
page,D:/{MY_PROJECTS}/{OPC_cerebro_hive}/OPC/cerebro-hive-website/apps/studio/app/(platform)/studio/settings/page.tsx,101,button,[Empty],Handler: {() => setShowForm(true)},Action,Medium,Action
page,D:/{MY_PROJECTS}/{OPC_cerebro_hive}/OPC/cerebro-hive-website/apps/studio/app/(platform)/studio/settings/page.tsx,122,button,{dynamic},Handler: {copyKey},Action,Medium,Action
page,D:/{MY_PROJECTS}/{OPC_cerebro_hive}/OPC/cerebro-hive-website/apps/studio/app/(platform)/studio/settings/page.tsx,130,button,[Empty],Handler: {() => setNewKey(null)},Action,Medium,Action
page,D:/{MY_PROJECTS}/{OPC_cerebro_hive}/OPC/cerebro-hive-website/apps/studio/app/(platform)/studio/settings/page.tsx,163,button,{dynamic},,Missing,High,Unknown
page,D:/{MY_PROJECTS}/{OPC_cerebro_hive}/OPC/cerebro-hive-website/apps/studio/app/(platform)/studio/settings/page.tsx,168,button,[Empty],Handler: {() => setShowForm(false)},Action,Medium,Action
page,D:/{MY_PROJECTS}/{OPC_cerebro_hive}/OPC/cerebro-hive-website/apps/studio/app/(platform)/studio/settings/page.tsx,206,button,[Empty],Handler: {() => handleRevoke(key.id)},Action,Medium,Action
page,D:/{MY_PROJECTS}/{OPC_cerebro_hive}/OPC/cerebro-hive-website/apps/studio/app/(platform)/studio/settings/page.tsx,255,button,{dynamic},,Missing,High,Unknown
page,D:/{MY_PROJECTS}/{OPC_cerebro_hive}/OPC/cerebro-hive-website/apps/studio/app/(platform)/studio/settings/page.tsx,319,button,{dynamic},,Missing,High,Unknown
page,D:/{MY_PROJECTS}/{OPC_cerebro_hive}/OPC/cerebro-hive-website/apps/studio/app/(platform)/studio/settings/page.tsx,348,button,{dynamic},Handler: {() => setActiveTab(tab.id)},Action,Medium,Action
page,D:/{MY_PROJECTS}/{OPC_cerebro_hive}/OPC/cerebro-hive-website/apps/studio/app/(platform)/studio/simulation/page.tsx,17,WorkspaceCard,[Empty],,Missing,High,Unknown
page,D:/{MY_PROJECTS}/{OPC_cerebro_hive}/OPC/cerebro-hive-website/apps/studio/app/(platform)/studio/simulation/page.tsx,22,WorkspaceCard,[Empty],,Missing,High,Unknown
page,D:/{MY_PROJECTS}/{OPC_cerebro_hive}/OPC/cerebro-hive-website/apps/studio/app/(platform)/studio/simulation/page.tsx,10,MetricCard,[MetricCard],,Missing,High,Unknown
page,D:/{MY_PROJECTS}/{OPC_cerebro_hive}/OPC/cerebro-hive-website/apps/studio/app/(platform)/studio/simulation/page.tsx,11,MetricCard,[MetricCard],,Missing,High,Unknown
page,D:/{MY_PROJECTS}/{OPC_cerebro_hive}/OPC/cerebro-hive-website/apps/studio/app/(platform)/studio/simulation/page.tsx,12,MetricCard,[MetricCard],,Missing,High,Unknown
page,D:/{MY_PROJECTS}/{OPC_cerebro_hive}/OPC/cerebro-hive-website/apps/studio/app/(platform)/studio/simulation/page.tsx,13,MetricCard,[MetricCard],,Missing,High,Unknown
page,D:/{MY_PROJECTS}/{OPC_cerebro_hive}/OPC/cerebro-hive-website/apps/studio/app/(platform)/studio/traces/page.tsx,94,button,[Icon/Image],Handler: {onClose},Action,Medium,Action
page,D:/{MY_PROJECTS}/{OPC_cerebro_hive}/OPC/cerebro-hive-website/apps/studio/app/(platform)/studio/traces/page.tsx,138,button,[Empty],Handler: {() => void refresh()},Action,Medium,Action
page,D:/{MY_PROJECTS}/{OPC_cerebro_hive}/OPC/cerebro-hive-website/apps/studio/app/(platform)/studio/traces/page.tsx,156,button,[Empty],Handler: {() => void refresh()},Action,Medium,Action
page,D:/{MY_PROJECTS}/{OPC_cerebro_hive}/OPC/cerebro-hive-website/apps/studio/app/(platform)/studio/traces/page.tsx,176,div,[Empty],Handler: {() => setSelected(selected?.traceID === trace.traceID ? null : trace)},Action,Medium,Action
page,D:/{MY_PROJECTS}/{OPC_cerebro_hive}/OPC/cerebro-hive-website/apps/studio/app/(platform)/studio/workflows/page.tsx,50,button,[Icon/Image],Handler: {onClose},Action,Medium,Action
page,D:/{MY_PROJECTS}/{OPC_cerebro_hive}/OPC/cerebro-hive-website/apps/studio/app/(platform)/studio/workflows/page.tsx,83,button,[Empty],Handler: {onClose},Action,Medium,Action
page,D:/{MY_PROJECTS}/{OPC_cerebro_hive}/OPC/cerebro-hive-website/apps/studio/app/(platform)/studio/workflows/page.tsx,91,button,{dynamic},,Missing,High,Unknown
page,D:/{MY_PROJECTS}/{OPC_cerebro_hive}/OPC/cerebro-hive-website/apps/studio/app/(platform)/studio/workflows/page.tsx,187,div,{dynamic} {dynamic},Handler: {e => e.stopPropagation()},Action,Medium,Action
page,D:/{MY_PROJECTS}/{OPC_cerebro_hive}/OPC/cerebro-hive-website/apps/studio/app/(platform)/studio/workflows/page.tsx,189,button,[Empty],Handler: {e => handlePublish(wf  e)},Action,Medium,Action
page,D:/{MY_PROJECTS}/{OPC_cerebro_hive}/OPC/cerebro-hive-website/apps/studio/app/(platform)/studio/workflows/page.tsx,198,button,[Empty],Handler: {e => handleArchive(wf  e)},Action,Medium,Action
page,D:/{MY_PROJECTS}/{OPC_cerebro_hive}/OPC/cerebro-hive-website/apps/studio/app/(platform)/studio/workflows/page.tsx,220,button,[Icon/Image],Handler: {() => setModal(true)},Action,Medium,Action
page,D:/{MY_PROJECTS}/{OPC_cerebro_hive}/OPC/cerebro-hive-website/apps/studio/app/(platform)/studio/workflows/page.tsx,237,button,{dynamic},Handler: {() => setStatus(opt.value)},Action,Medium,Action
page,D:/{MY_PROJECTS}/{OPC_cerebro_hive}/OPC/cerebro-hive-website/apps/studio/app/(platform)/studio/workflows/page.tsx,256,button,[Empty],Handler: {refresh},Action,Medium,Action
page,D:/{MY_PROJECTS}/{OPC_cerebro_hive}/OPC/cerebro-hive-website/apps/studio/app/(platform)/studio/workflows/page.tsx,276,button,[Empty],Handler: {() => setModal(true)},Action,Medium,Action
page,D:/{MY_PROJECTS}/{OPC_cerebro_hive}/OPC/cerebro-hive-website/apps/studio/app/(platform)/studio/workflows/page.tsx,286,button,[Empty],Handler: {nextPage},Action,Medium,Action
page,D:/{MY_PROJECTS}/{OPC_cerebro_hive}/OPC/cerebro-hive-website/apps/studio/app/(platform)/studio/workflows/page.tsx,261,DataTable,[DataTable],,Missing,High,Unknown
IconShowcase,D:/{MY_PROJECTS}/{OPC_cerebro_hive}/OPC/cerebro-hive-website/apps/studio/app/platform/design-system/icons/IconShowcase.tsx,69,TrackedButton,{dynamic},Handler: {() => setSize(s as IconSize)},Action,Medium,Action
IconShowcase,D:/{MY_PROJECTS}/{OPC_cerebro_hive}/OPC/cerebro-hive-website/apps/studio/app/platform/design-system/icons/IconShowcase.tsx,86,TrackedButton,{dynamic},Handler: {() => setStrokeWidth(w)},Action,Medium,Action
IconShowcase,D:/{MY_PROJECTS}/{OPC_cerebro_hive}/OPC/cerebro-hive-website/apps/studio/app/platform/design-system/icons/IconShowcase.tsx,127,TrackedButton,[Empty],Handler: {() => setBg("light")},Action,Medium,Action
IconShowcase,D:/{MY_PROJECTS}/{OPC_cerebro_hive}/OPC/cerebro-hive-website/apps/studio/app/platform/design-system/icons/IconShowcase.tsx,128,TrackedButton,[Empty],Handler: {() => setBg("dark")},Action,Medium,Action
IconShowcase,D:/{MY_PROJECTS}/{OPC_cerebro_hive}/OPC/cerebro-hive-website/apps/studio/app/platform/design-system/icons/IconShowcase.tsx,129,TrackedButton,[Empty],Handler: {() => setBg("glass")},Action,Medium,Action
IconShowcase,D:/{MY_PROJECTS}/{OPC_cerebro_hive}/OPC/cerebro-hive-website/apps/studio/app/platform/design-system/icons/IconShowcase.tsx,142,div,{dynamic},Handler: {() => {                    analytics.track({ eventName: 'click'  category: 'icon-showcase'  label: `Copy JSX: ${meta.name}` });                    copyToClipboard(`<Icons.${meta.name} size={${size}} variant="${variant}" />`);                  }},Action,Medium,Action
IconShowcase,D:/{MY_PROJECTS}/{OPC_cerebro_hive}/OPC/cerebro-hive-website/apps/studio/app/platform/design-system/icons/IconShowcase.tsx,150,IconComponent,[IconComponent],,Missing,High,Unknown
page,D:/{MY_PROJECTS}/{OPC_cerebro_hive}/OPC/cerebro-hive-website/apps/studio/app/platform/design-system/icons/page.tsx,17,IconShowcase,[IconShowcase],,Missing,High,Unknown
page,D:/{MY_PROJECTS}/{OPC_cerebro_hive}/OPC/cerebro-hive-website/apps/studio/app/platform/hiveforge/billing/page.tsx,38,Link,[Icon/Image],/platform/hiveforge,Valid,Low,OK
page,D:/{MY_PROJECTS}/{OPC_cerebro_hive}/OPC/cerebro-hive-website/apps/studio/app/platform/hiveforge/billing/page.tsx,75,button,{dynamic},Handler: {() => void generateInvoice()},Action,Medium,Action
page,D:/{MY_PROJECTS}/{OPC_cerebro_hive}/OPC/cerebro-hive-website/apps/studio/app/platform/hiveforge/catalog/page.tsx,72,button,[Empty],,Missing,High,Unknown
page,D:/{MY_PROJECTS}/{OPC_cerebro_hive}/OPC/cerebro-hive-website/apps/studio/app/platform/hiveforge/catalog/page.tsx,85,button,[Empty],,Missing,High,Unknown
page,D:/{MY_PROJECTS}/{OPC_cerebro_hive}/OPC/cerebro-hive-website/apps/studio/app/platform/hiveforge/catalog/page.tsx,107,button,{dynamic},Handler: {() => setActiveTab(tab)},Action,Medium,Action
page,D:/{MY_PROJECTS}/{OPC_cerebro_hive}/OPC/cerebro-hive-website/apps/studio/app/platform/hiveforge/compute/page.tsx,52,Link,[Icon/Image],/platform/hiveforge,Valid,Low,OK
page,D:/{MY_PROJECTS}/{OPC_cerebro_hive}/OPC/cerebro-hive-website/apps/studio/app/platform/hiveforge/compute/page.tsx,69,button,{dynamic},Handler: {() => setWizardItem(item)},Action,Medium,Action
page,D:/{MY_PROJECTS}/{OPC_cerebro_hive}/OPC/cerebro-hive-website/apps/studio/app/platform/hiveforge/compute/page.tsx,79,Link,[Empty],/platform/hiveforge/catalog/cloud-compute,Valid,Low,OK
page,D:/{MY_PROJECTS}/{OPC_cerebro_hive}/OPC/cerebro-hive-website/apps/studio/app/platform/hiveforge/compute/page.tsx,79,Link,[Empty],/platform/hiveforge/catalog/kubernetes,Valid,Low,OK
page,D:/{MY_PROJECTS}/{OPC_cerebro_hive}/OPC/cerebro-hive-website/apps/studio/app/platform/hiveforge/compute/page.tsx,79,Link,[Empty],/platform/hiveforge/catalog/containers,Valid,Low,OK
page,D:/{MY_PROJECTS}/{OPC_cerebro_hive}/OPC/cerebro-hive-website/apps/studio/app/platform/hiveforge/compute/page.tsx,79,Link,[Empty],/platform/hiveforge/catalog/serverless,Valid,Low,OK
page,D:/{MY_PROJECTS}/{OPC_cerebro_hive}/OPC/cerebro-hive-website/apps/studio/app/platform/hiveforge/compute/page.tsx,94,button,[Empty],Handler: {() => void deprovision(r.id)},Action,Medium,Action
page,D:/{MY_PROJECTS}/{OPC_cerebro_hive}/OPC/cerebro-hive-website/apps/studio/app/platform/hiveforge/data/page.tsx,52,Link,[Icon/Image],/platform/hiveforge,Valid,Low,OK
page,D:/{MY_PROJECTS}/{OPC_cerebro_hive}/OPC/cerebro-hive-website/apps/studio/app/platform/hiveforge/data/page.tsx,69,button,{dynamic},Handler: {() => setWizardItem(item)},Action,Medium,Action
page,D:/{MY_PROJECTS}/{OPC_cerebro_hive}/OPC/cerebro-hive-website/apps/studio/app/platform/hiveforge/data/page.tsx,79,Link,[Empty],/platform/hiveforge/catalog/databases,Valid,Low,OK
page,D:/{MY_PROJECTS}/{OPC_cerebro_hive}/OPC/cerebro-hive-website/apps/studio/app/platform/hiveforge/data/page.tsx,79,Link,[Empty],/platform/hiveforge/catalog/storage,Valid,Low,OK
page,D:/{MY_PROJECTS}/{OPC_cerebro_hive}/OPC/cerebro-hive-website/apps/studio/app/platform/hiveforge/data/page.tsx,79,Link,[Empty],/platform/hiveforge/catalog/networking,Valid,Low,OK
page,D:/{MY_PROJECTS}/{OPC_cerebro_hive}/OPC/cerebro-hive-website/apps/studio/app/platform/hiveforge/data/page.tsx,94,button,[Empty],Handler: {() => void deprovision(r.id)},Action,Medium,Action
page,D:/{MY_PROJECTS}/{OPC_cerebro_hive}/OPC/cerebro-hive-website/apps/studio/app/platform/hiveforge/inventory/page.tsx,43,button,{dynamic},Handler: {() => setFilter(f)},Action,Medium,Action
page,D:/{MY_PROJECTS}/{OPC_cerebro_hive}/OPC/cerebro-hive-website/apps/studio/app/platform/hiveforge/inventory/page.tsx,88,button,[Empty],,Missing,High,Unknown
page,D:/{MY_PROJECTS}/{OPC_cerebro_hive}/OPC/cerebro-hive-website/apps/studio/app/platform/hiveforge/marketplace/page.tsx,31,Link,[Icon/Image],/platform/hiveforge,Valid,Low,OK
page,D:/{MY_PROJECTS}/{OPC_cerebro_hive}/OPC/cerebro-hive-website/apps/studio/app/platform/hiveforge/marketplace/page.tsx,50,button,[Empty],Handler: {() => setWizardItem(item)},Action,Medium,Action
page,D:/{MY_PROJECTS}/{OPC_cerebro_hive}/OPC/cerebro-hive-website/apps/studio/app/platform/os/actions/page.tsx,47,TrackedButton,{dynamic} {dynamic},Handler: {() => void executeAction(a.kind)},Action,Medium,Action
page,D:/{MY_PROJECTS}/{OPC_cerebro_hive}/OPC/cerebro-hive-website/apps/studio/app/platform/os/actions/page.tsx,66,TrackedButton,[Empty],Handler: {() => void executeAction(a.kind  true)},Action,Medium,Action
page,D:/{MY_PROJECTS}/{OPC_cerebro_hive}/OPC/cerebro-hive-website/apps/studio/app/platform/os/agent-executor/page.tsx,38,TrackedButton,{dynamic},Handler: {() => void runAgent()},Action,Medium,Action
page,D:/{MY_PROJECTS}/{OPC_cerebro_hive}/OPC/cerebro-hive-website/apps/studio/app/platform/os/aiops/page.tsx,39,TrackedButton,{dynamic},Handler: {() => void detectAnomalies()},Action,Medium,Action
page,D:/{MY_PROJECTS}/{OPC_cerebro_hive}/OPC/cerebro-hive-website/apps/studio/app/platform/os/compiler/page.tsx,32,TrackedButton,{dynamic},Handler: {() => void compileGoal()},Action,Medium,Action
page,D:/{MY_PROJECTS}/{OPC_cerebro_hive}/OPC/cerebro-hive-website/apps/studio/app/platform/os/data-platform/page.tsx,39,TrackedButton,[Empty],Handler: {() => void registerDataAsset()},Action,Medium,Action
page,D:/{MY_PROJECTS}/{OPC_cerebro_hive}/OPC/cerebro-hive-website/apps/studio/app/platform/os/devops/page.tsx,39,TrackedButton,{dynamic},Handler: {() => void runPipeline()},Action,Medium,Action
page,D:/{MY_PROJECTS}/{OPC_cerebro_hive}/OPC/cerebro-hive-website/apps/studio/app/platform/os/digital-twin/page.tsx,49,TrackedButton,[Empty],Handler: {() => void runSupplyChainTwin()},Action,Medium,Action
page,D:/{MY_PROJECTS}/{OPC_cerebro_hive}/OPC/cerebro-hive-website/apps/studio/app/platform/os/digital-twin/page.tsx,50,TrackedButton,[Empty],Handler: {() => void runCyberTwin()},Action,Medium,Action
page,D:/{MY_PROJECTS}/{OPC_cerebro_hive}/OPC/cerebro-hive-website/apps/studio/app/platform/os/governance/page.tsx,50,TrackedButton,[Empty],Handler: {() => void runEthics()},Action,Medium,Action
page,D:/{MY_PROJECTS}/{OPC_cerebro_hive}/OPC/cerebro-hive-website/apps/studio/app/platform/os/research/page.tsx,42,TrackedButton,[Empty],Handler: {() => void registerPromptVersion()},Action,Medium,Action
page,D:/{MY_PROJECTS}/{OPC_cerebro_hive}/OPC/cerebro-hive-website/apps/studio/app/platform/os/router/page.tsx,41,TrackedButton,{dynamic},Handler: {() => void routeText()},Action,Medium,Action
page,D:/{MY_PROJECTS}/{OPC_cerebro_hive}/OPC/cerebro-hive-website/apps/studio/app/platform/os/secops/page.tsx,49,TrackedButton,{dynamic},Handler: {() => void runScan()},Action,Medium,Action
page,D:/{MY_PROJECTS}/{OPC_cerebro_hive}/OPC/cerebro-hive-website/apps/studio/app/platform/os/secops/page.tsx,50,TrackedButton,{dynamic},Handler: {() => void runRedTeam()},Action,Medium,Action
page,D:/{MY_PROJECTS}/{OPC_cerebro_hive}/OPC/cerebro-hive-website/apps/studio/app/platform/os/swarm/page.tsx,33,TrackedButton,{dynamic},Handler: {() => void runSwarm()},Action,Medium,Action
page,D:/{MY_PROJECTS}/{OPC_cerebro_hive}/OPC/cerebro-hive-website/apps/studio/app/platform/os/web3/page.tsx,51,TrackedButton,{dynamic},Handler: {() => setChainId(c.id)},Action,Medium,Action
page,D:/{MY_PROJECTS}/{OPC_cerebro_hive}/OPC/cerebro-hive-website/apps/studio/app/platform/os/web3/page.tsx,56,TrackedButton,{dynamic},Handler: {() => void lookupAccount()},Action,Medium,Action
page,D:/{MY_PROJECTS}/{OPC_cerebro_hive}/OPC/cerebro-hive-website/apps/studio/app/platform/os/zero-trust/page.tsx,54,TrackedButton,[Empty],Handler: {() => void grantToolAccess()},Action,Medium,Action
page,D:/{MY_PROJECTS}/{OPC_cerebro_hive}/OPC/cerebro-hive-website/apps/studio/app/platform/os/zero-trust/page.tsx,55,TrackedButton,[Empty],Handler: {() => void registerMcpServer()},Action,Medium,Action
page,D:/{MY_PROJECTS}/{OPC_cerebro_hive}/OPC/cerebro-hive-website/apps/studio/app/platform/studio/[workspaceId]/page.tsx,55,Link,[Icon/Image],/platform/studio,Valid,Low,OK
page,D:/{MY_PROJECTS}/{OPC_cerebro_hive}/OPC/cerebro-hive-website/apps/studio/app/platform/studio/[workspaceId]/page.tsx,68,button,{dynamic},Handler: {() => setTab(t.id)},Action,Medium,Action
page,D:/{MY_PROJECTS}/{OPC_cerebro_hive}/OPC/cerebro-hive-website/apps/studio/app/platform/studio/[workspaceId]/page.tsx,127,button,{dynamic},Handler: {() => void create()},Action,Medium,Action
page,D:/{MY_PROJECTS}/{OPC_cerebro_hive}/OPC/cerebro-hive-website/apps/studio/app/platform/studio/[workspaceId]/page.tsx,143,button,{dynamic},Handler: {() => void run(p.id)},Action,Medium,Action
page,D:/{MY_PROJECTS}/{OPC_cerebro_hive}/OPC/cerebro-hive-website/apps/studio/app/platform/studio/[workspaceId]/page.tsx,196,button,{dynamic},Handler: {() => void create()},Action,Medium,Action
page,D:/{MY_PROJECTS}/{OPC_cerebro_hive}/OPC/cerebro-hive-website/apps/studio/app/platform/studio/[workspaceId]/page.tsx,210,button,{dynamic},Handler: {() => void run(a.id)},Action,Medium,Action
page,D:/{MY_PROJECTS}/{OPC_cerebro_hive}/OPC/cerebro-hive-website/apps/studio/app/platform/studio/[workspaceId]/page.tsx,281,button,{dynamic},Handler: {() => void create()},Action,Medium,Action
page,D:/{MY_PROJECTS}/{OPC_cerebro_hive}/OPC/cerebro-hive-website/apps/studio/app/platform/studio/[workspaceId]/page.tsx,296,button,{dynamic},Handler: {() => void run(f.id)},Action,Medium,Action
page,D:/{MY_PROJECTS}/{OPC_cerebro_hive}/OPC/cerebro-hive-website/apps/studio/app/platform/studio/[workspaceId]/page.tsx,350,button,{dynamic},Handler: {() => void create()},Action,Medium,Action
page,D:/{MY_PROJECTS}/{OPC_cerebro_hive}/OPC/cerebro-hive-website/apps/studio/app/platform/studio/[workspaceId]/page.tsx,365,button,{dynamic},Handler: {() => void runCell(n.id  c.id)},Action,Medium,Action
page,D:/{MY_PROJECTS}/{OPC_cerebro_hive}/OPC/cerebro-hive-website/apps/studio/app/platform/studio/[workspaceId]/page.tsx,374,button,[Empty],Handler: {() => void addCell(n.id  "markdown")},Action,Medium,Action
page,D:/{MY_PROJECTS}/{OPC_cerebro_hive}/OPC/cerebro-hive-website/apps/studio/app/platform/studio/[workspaceId]/page.tsx,375,button,[Empty],Handler: {() => void addCell(n.id  "code")},Action,Medium,Action
page,D:/{MY_PROJECTS}/{OPC_cerebro_hive}/OPC/cerebro-hive-website/apps/studio/app/platform/studio/[workspaceId]/page.tsx,414,button,{dynamic},Handler: {() => void create()},Action,Medium,Action
page,D:/{MY_PROJECTS}/{OPC_cerebro_hive}/OPC/cerebro-hive-website/apps/studio/app/platform/studio/[workspaceId]/page.tsx,78,PromptsTab,[PromptsTab],,Missing,High,Unknown
page,D:/{MY_PROJECTS}/{OPC_cerebro_hive}/OPC/cerebro-hive-website/apps/studio/app/platform/studio/[workspaceId]/page.tsx,79,AgentsTab,[AgentsTab],,Missing,High,Unknown
page,D:/{MY_PROJECTS}/{OPC_cerebro_hive}/OPC/cerebro-hive-website/apps/studio/app/platform/studio/[workspaceId]/page.tsx,80,FlowsTab,[FlowsTab],,Missing,High,Unknown
page,D:/{MY_PROJECTS}/{OPC_cerebro_hive}/OPC/cerebro-hive-website/apps/studio/app/platform/studio/[workspaceId]/page.tsx,81,NotebooksTab,[NotebooksTab],,Missing,High,Unknown
page,D:/{MY_PROJECTS}/{OPC_cerebro_hive}/OPC/cerebro-hive-website/apps/studio/app/platform/studio/[workspaceId]/page.tsx,82,DatasetsTab,[DatasetsTab],,Missing,High,Unknown
page,D:/{MY_PROJECTS}/{OPC_cerebro_hive}/OPC/cerebro-hive-website/apps/studio/app/platform/studio/[workspaceId]/page.tsx,83,RunsTab,[RunsTab],,Missing,High,Unknown
page,D:/{MY_PROJECTS}/{OPC_cerebro_hive}/OPC/cerebro-hive-website/apps/studio/app/resources/guides/[slug]/page.tsx,68,TrackedLink,[Empty],/,Valid,Medium,OK
page,D:/{MY_PROJECTS}/{OPC_cerebro_hive}/OPC/cerebro-hive-website/apps/studio/app/resources/guides/[slug]/page.tsx,70,TrackedLink,[Empty],/resources,Valid,Medium,OK
page,D:/{MY_PROJECTS}/{OPC_cerebro_hive}/OPC/cerebro-hive-website/apps/studio/app/resources/guides/[slug]/page.tsx,142,TrackedLink,[Icon/Image],/contact,Valid,Medium,OK
page,D:/{MY_PROJECTS}/{OPC_cerebro_hive}/OPC/cerebro-hive-website/apps/studio/app/resources/guides/[slug]/page.tsx,151,TrackedLink,[Empty],/resources,Valid,Medium,OK
page,D:/{MY_PROJECTS}/{OPC_cerebro_hive}/OPC/cerebro-hive-website/apps/studio/app/resources/guides/[slug]/page.tsx,172,TrackedLink,{dynamic},[Dynamic: `#${section.id}`],Valid,Medium,Unknown
page,D:/{MY_PROJECTS}/{OPC_cerebro_hive}/OPC/cerebro-hive-website/apps/studio/app/talent/candidate/ide/page.tsx,205,TrackedButton,{dynamic},Handler: {handleRunCode},Action,Medium,Action
page,D:/{MY_PROJECTS}/{OPC_cerebro_hive}/OPC/cerebro-hive-website/apps/studio/app/talent/recruiter/assessments/page.tsx,97,TrackedButton,[Empty],,Missing,High,Unknown
page,D:/{MY_PROJECTS}/{OPC_cerebro_hive}/OPC/cerebro-hive-website/apps/studio/app/talent/recruiter/assessments/page.tsx,132,TrackedButton,[Empty],,Missing,High,Unknown
page,D:/{MY_PROJECTS}/{OPC_cerebro_hive}/OPC/cerebro-hive-website/apps/studio/app/talent/recruiter/copilot/page.tsx,42,TrackedButton,[Empty],,Missing,High,Unknown
page,D:/{MY_PROJECTS}/{OPC_cerebro_hive}/OPC/cerebro-hive-website/apps/studio/app/talent/recruiter/copilot/page.tsx,62,div,[Empty],Handler: {() => {                      analytics.track({ eventName: 'click'  category: 'recruiter-copilot'  label: `Select candidate: ${c.candidateName || c.candidateId}` });                      setSelectedCandidate(c);                    }},Action,Medium,Action
page,D:/{MY_PROJECTS}/{OPC_cerebro_hive}/OPC/cerebro-hive-website/apps/studio/app/(platform)/app/agents/[id]/page.tsx,53,div,{dynamic},Handler: {() => setActiveTab(tab as any)},Action,Medium,Action
Button,D:/{MY_PROJECTS}/{OPC_cerebro_hive}/OPC/cerebro-hive-website/apps/studio/app/(platform)/app/components/ui/Button.tsx,54,button,{dynamic},Handler: {handleClick},Action,Medium,Action
CommandPalette,D:/{MY_PROJECTS}/{OPC_cerebro_hive}/OPC/cerebro-hive-website/apps/studio/app/(platform)/app/components/ui/CommandPalette.tsx,61,TrackedButton,[Empty],Handler: {onClose},Action,Medium,Action
CommandPalette,D:/{MY_PROJECTS}/{OPC_cerebro_hive}/OPC/cerebro-hive-website/apps/studio/app/(platform)/app/components/ui/CommandPalette.tsx,76,TrackedButton,[Icon/Image],Handler: {() => handleSelect(item.href)},Action,Medium,Action
HiveAssistant,D:/{MY_PROJECTS}/{OPC_cerebro_hive}/OPC/cerebro-hive-website/apps/studio/app/(platform)/app/components/ui/HiveAssistant.tsx,87,TrackedButton,[Icon/Image],Handler: {onClose},Action,Medium,Action
HiveAssistant,D:/{MY_PROJECTS}/{OPC_cerebro_hive}/OPC/cerebro-hive-website/apps/studio/app/(platform)/app/components/ui/HiveAssistant.tsx,124,TrackedButton,[Icon/Image],,Missing,High,Unknown
HiveAssistant,D:/{MY_PROJECTS}/{OPC_cerebro_hive}/OPC/cerebro-hive-website/apps/studio/app/(platform)/app/components/ui/HiveAssistant.tsx,143,TrackedButton,[Icon/Image],,Missing,High,Unknown
HiveAssistant,D:/{MY_PROJECTS}/{OPC_cerebro_hive}/OPC/cerebro-hive-website/apps/studio/app/(platform)/app/components/ui/HiveAssistant.tsx,155,TrackedButton,{dynamic},Handler: {() => setInput(suggestion)},Action,Medium,Action
HiveAssistant,D:/{MY_PROJECTS}/{OPC_cerebro_hive}/OPC/cerebro-hive-website/apps/studio/app/(platform)/app/components/ui/HiveAssistant.tsx,59,motion.div,[motion.div],Handler: {() => {                analytics.track({ eventName: 'click'  category: 'hive-assistant'  label: 'Backdrop Dismiss' });                onClose();              }},Action,Medium,Action
Modal,D:/{MY_PROJECTS}/{OPC_cerebro_hive}/OPC/cerebro-hive-website/apps/studio/app/(platform)/app/components/ui/Modal.tsx,74,TrackedButton,[Icon/Image],Handler: {onClose},Action,Medium,Action
Modal,D:/{MY_PROJECTS}/{OPC_cerebro_hive}/OPC/cerebro-hive-website/apps/studio/app/(platform)/app/components/ui/Modal.tsx,47,motion.div,[motion.div],Handler: {() => {                analytics.track({ eventName: "modal_backdrop_click"  category: "modal"  label: title || "Modal" });                onClose();              }},Action,Medium,Action
StatCard,D:/{MY_PROJECTS}/{OPC_cerebro_hive}/OPC/cerebro-hive-website/apps/studio/app/(platform)/app/components/ui/StatCard.tsx,17,Card,[Icon/Image],,Missing,High,Unknown
StatCard,D:/{MY_PROJECTS}/{OPC_cerebro_hive}/OPC/cerebro-hive-website/apps/studio/app/(platform)/app/components/ui/StatCard.tsx,20,Icon,[Icon],,Missing,High,Unknown
page,D:/{MY_PROJECTS}/{OPC_cerebro_hive}/OPC/cerebro-hive-website/apps/studio/app/(platform)/app/forge/api/page.tsx,78,button,{dynamic},Handler: {() => toggle(t)},Action,Medium,Action
page,D:/{MY_PROJECTS}/{OPC_cerebro_hive}/OPC/cerebro-hive-website/apps/studio/app/(platform)/app/forge/api/page.tsx,84,Button,{dynamic} {dynamic},Handler: {() => { setGenerating(true); setTimeout(() => setGenerating(false)  2000); }},Action,Medium,Action
page,D:/{MY_PROJECTS}/{OPC_cerebro_hive}/OPC/cerebro-hive-website/apps/studio/app/(platform)/app/forge/api/page.tsx,97,Card,[Icon/Image],,Missing,High,Unknown
page,D:/{MY_PROJECTS}/{OPC_cerebro_hive}/OPC/cerebro-hive-website/apps/studio/app/(platform)/app/forge/api/page.tsx,107,button,{dynamic},Handler: {() => { setCopied(i); setTimeout(() => setCopied(null)  1500); }},Action,Medium,Action
page,D:/{MY_PROJECTS}/{OPC_cerebro_hive}/OPC/cerebro-hive-website/apps/studio/app/(platform)/app/forge/api/page.tsx,123,Button,[Icon/Image],,Missing,High,Unknown
page,D:/{MY_PROJECTS}/{OPC_cerebro_hive}/OPC/cerebro-hive-website/apps/studio/app/(platform)/app/forge/api/page.tsx,124,Button,[Icon/Image],,Missing,High,Unknown
page,D:/{MY_PROJECTS}/{OPC_cerebro_hive}/OPC/cerebro-hive-website/apps/studio/app/(platform)/app/forge/api/page.tsx,67,StatCard,[StatCard],,Missing,High,Unknown
page,D:/{MY_PROJECTS}/{OPC_cerebro_hive}/OPC/cerebro-hive-website/apps/studio/app/(platform)/app/forge/api/page.tsx,68,StatCard,[StatCard],,Missing,High,Unknown
page,D:/{MY_PROJECTS}/{OPC_cerebro_hive}/OPC/cerebro-hive-website/apps/studio/app/(platform)/app/forge/api/page.tsx,69,StatCard,[StatCard],,Missing,High,Unknown
page,D:/{MY_PROJECTS}/{OPC_cerebro_hive}/OPC/cerebro-hive-website/apps/studio/app/(platform)/app/forge/api/page.tsx,70,StatCard,[StatCard],,Missing,High,Unknown
page,D:/{MY_PROJECTS}/{OPC_cerebro_hive}/OPC/cerebro-hive-website/apps/studio/app/(platform)/app/forge/architect/page.tsx,66,Button,{dynamic} {dynamic},Handler: {handleDesign},Action,Medium,Action
page,D:/{MY_PROJECTS}/{OPC_cerebro_hive}/OPC/cerebro-hive-website/apps/studio/app/(platform)/app/forge/architect/page.tsx,77,Card,[Empty],,Missing,High,Unknown
page,D:/{MY_PROJECTS}/{OPC_cerebro_hive}/OPC/cerebro-hive-website/apps/studio/app/(platform)/app/forge/architect/page.tsx,106,Card,[Icon/Image],,Missing,High,Unknown
page,D:/{MY_PROJECTS}/{OPC_cerebro_hive}/OPC/cerebro-hive-website/apps/studio/app/(platform)/app/forge/architect/page.tsx,163,Card,[Icon/Image],,Missing,High,Unknown
page,D:/{MY_PROJECTS}/{OPC_cerebro_hive}/OPC/cerebro-hive-website/apps/studio/app/(platform)/app/forge/architect/page.tsx,197,Card,[Icon/Image],,Missing,High,Unknown
page,D:/{MY_PROJECTS}/{OPC_cerebro_hive}/OPC/cerebro-hive-website/apps/studio/app/(platform)/app/forge/architect/page.tsx,218,Card,[Empty],,Missing,High,Unknown
page,D:/{MY_PROJECTS}/{OPC_cerebro_hive}/OPC/cerebro-hive-website/apps/studio/app/(platform)/app/forge/architect/page.tsx,235,Card,[Empty],,Missing,High,Unknown
page,D:/{MY_PROJECTS}/{OPC_cerebro_hive}/OPC/cerebro-hive-website/apps/studio/app/(platform)/app/forge/architect/page.tsx,242,Button,[Icon/Image],Handler: {() => window.location.href = `/app/forge/codegen?projectId=${projectId}`},Action,Medium,Action
page,D:/{MY_PROJECTS}/{OPC_cerebro_hive}/OPC/cerebro-hive-website/apps/studio/app/(platform)/app/forge/architect/page.tsx,248,Button,[Icon/Image],Handler: {handleDesign},Action,Medium,Action
page,D:/{MY_PROJECTS}/{OPC_cerebro_hive}/OPC/cerebro-hive-website/apps/studio/app/(platform)/app/forge/backend/page.tsx,68,button,[Empty],Handler: {() => setSelected(i)},Action,Medium,Action
page,D:/{MY_PROJECTS}/{OPC_cerebro_hive}/OPC/cerebro-hive-website/apps/studio/app/(platform)/app/forge/backend/page.tsx,81,Button,{dynamic} {dynamic},Handler: {() => { setBuilding(true); setTimeout(() => setBuilding(false)  2500); }},Action,Medium,Action
page,D:/{MY_PROJECTS}/{OPC_cerebro_hive}/OPC/cerebro-hive-website/apps/studio/app/(platform)/app/forge/backend/page.tsx,92,Card,[Icon/Image],,Missing,High,Unknown
page,D:/{MY_PROJECTS}/{OPC_cerebro_hive}/OPC/cerebro-hive-website/apps/studio/app/(platform)/app/forge/backend/page.tsx,56,StatCard,[StatCard],,Missing,High,Unknown
page,D:/{MY_PROJECTS}/{OPC_cerebro_hive}/OPC/cerebro-hive-website/apps/studio/app/(platform)/app/forge/backend/page.tsx,57,StatCard,[StatCard],,Missing,High,Unknown
page,D:/{MY_PROJECTS}/{OPC_cerebro_hive}/OPC/cerebro-hive-website/apps/studio/app/(platform)/app/forge/backend/page.tsx,58,StatCard,[StatCard],,Missing,High,Unknown
page,D:/{MY_PROJECTS}/{OPC_cerebro_hive}/OPC/cerebro-hive-website/apps/studio/app/(platform)/app/forge/backend/page.tsx,59,StatCard,[StatCard],,Missing,High,Unknown
page,D:/{MY_PROJECTS}/{OPC_cerebro_hive}/OPC/cerebro-hive-website/apps/studio/app/(platform)/app/forge/bots/page.tsx,74,Button,[Icon/Image],,Missing,High,Unknown
page,D:/{MY_PROJECTS}/{OPC_cerebro_hive}/OPC/cerebro-hive-website/apps/studio/app/(platform)/app/forge/bots/page.tsx,80,Card,[Icon/Image],,Missing,High,Unknown
page,D:/{MY_PROJECTS}/{OPC_cerebro_hive}/OPC/cerebro-hive-website/apps/studio/app/(platform)/app/forge/bots/page.tsx,100,Button,[Icon/Image],,Missing,High,Unknown
page,D:/{MY_PROJECTS}/{OPC_cerebro_hive}/OPC/cerebro-hive-website/apps/studio/app/(platform)/app/forge/bots/page.tsx,116,Card,{dynamic},,Missing,High,Unknown
page,D:/{MY_PROJECTS}/{OPC_cerebro_hive}/OPC/cerebro-hive-website/apps/studio/app/(platform)/app/forge/bots/page.tsx,128,Card,{dynamic},,Missing,High,Unknown
page,D:/{MY_PROJECTS}/{OPC_cerebro_hive}/OPC/cerebro-hive-website/apps/studio/app/(platform)/app/forge/bots/page.tsx,140,Button,{dynamic} {dynamic},Handler: {() => { setBuilding(true); setTimeout(() => setBuilding(false)  3000); }},Action,Medium,Action
page,D:/{MY_PROJECTS}/{OPC_cerebro_hive}/OPC/cerebro-hive-website/apps/studio/app/(platform)/app/forge/bots/page.tsx,148,Button,[Icon/Image],,Missing,High,Unknown
page,D:/{MY_PROJECTS}/{OPC_cerebro_hive}/OPC/cerebro-hive-website/apps/studio/app/(platform)/app/forge/bots/page.tsx,149,Button,[Icon/Image],Handler: {() => router.push(`/app/forge/testing?projectId=${projectId}`)},Action,Medium,Action
page,D:/{MY_PROJECTS}/{OPC_cerebro_hive}/OPC/cerebro-hive-website/apps/studio/app/(platform)/app/forge/bots/page.tsx,64,StatCard,[StatCard],,Missing,High,Unknown
page,D:/{MY_PROJECTS}/{OPC_cerebro_hive}/OPC/cerebro-hive-website/apps/studio/app/(platform)/app/forge/bots/page.tsx,65,StatCard,[StatCard],,Missing,High,Unknown
page,D:/{MY_PROJECTS}/{OPC_cerebro_hive}/OPC/cerebro-hive-website/apps/studio/app/(platform)/app/forge/bots/page.tsx,66,StatCard,[StatCard],,Missing,High,Unknown
page,D:/{MY_PROJECTS}/{OPC_cerebro_hive}/OPC/cerebro-hive-website/apps/studio/app/(platform)/app/forge/bots/page.tsx,67,StatCard,[StatCard],,Missing,High,Unknown
page,D:/{MY_PROJECTS}/{OPC_cerebro_hive}/OPC/cerebro-hive-website/apps/studio/app/(platform)/app/forge/codegen/page.tsx,62,Button,[Icon/Image],Handler: {handleStart},Action,Medium,Action
page,D:/{MY_PROJECTS}/{OPC_cerebro_hive}/OPC/cerebro-hive-website/apps/studio/app/(platform)/app/forge/codegen/page.tsx,73,Card,[Empty],,Missing,High,Unknown
page,D:/{MY_PROJECTS}/{OPC_cerebro_hive}/OPC/cerebro-hive-website/apps/studio/app/(platform)/app/forge/codegen/page.tsx,118,Card,{dynamic},,Missing,High,Unknown
page,D:/{MY_PROJECTS}/{OPC_cerebro_hive}/OPC/cerebro-hive-website/apps/studio/app/(platform)/app/forge/codegen/page.tsx,129,button,[Icon/Image],Handler: {() => setSelectedFile(path)},Action,Medium,Action
page,D:/{MY_PROJECTS}/{OPC_cerebro_hive}/OPC/cerebro-hive-website/apps/studio/app/(platform)/app/forge/codegen/page.tsx,155,Button,{dynamic} {dynamic},Handler: {() => {                    navigator.clipboard.writeText(selectedContent);                    setCopied(true);                    setTimeout(() => setCopied(false)  2000);                  }},Action,Medium,Action
page,D:/{MY_PROJECTS}/{OPC_cerebro_hive}/OPC/cerebro-hive-website/apps/studio/app/(platform)/app/forge/codegen/page.tsx,170,Card,[Icon/Image],,Missing,High,Unknown
page,D:/{MY_PROJECTS}/{OPC_cerebro_hive}/OPC/cerebro-hive-website/apps/studio/app/(platform)/app/forge/codegen/page.tsx,186,Button,[Icon/Image],Handler: {() => window.location.href = `/app/forge/testing?projectId=${projectId}`},Action,Medium,Action
page,D:/{MY_PROJECTS}/{OPC_cerebro_hive}/OPC/cerebro-hive-website/apps/studio/app/(platform)/app/forge/codegen/page.tsx,54,StatCard,[StatCard],,Missing,High,Unknown
page,D:/{MY_PROJECTS}/{OPC_cerebro_hive}/OPC/cerebro-hive-website/apps/studio/app/(platform)/app/forge/codegen/page.tsx,55,StatCard,[StatCard],,Missing,High,Unknown
page,D:/{MY_PROJECTS}/{OPC_cerebro_hive}/OPC/cerebro-hive-website/apps/studio/app/(platform)/app/forge/codegen/page.tsx,56,StatCard,[StatCard],,Missing,High,Unknown
page,D:/{MY_PROJECTS}/{OPC_cerebro_hive}/OPC/cerebro-hive-website/apps/studio/app/(platform)/app/forge/codegen/page.tsx,57,StatCard,[StatCard],,Missing,High,Unknown
page,D:/{MY_PROJECTS}/{OPC_cerebro_hive}/OPC/cerebro-hive-website/apps/studio/app/(platform)/app/forge/database/page.tsx,72,button,[Empty],Handler: {() => toggle(i)},Action,Medium,Action
page,D:/{MY_PROJECTS}/{OPC_cerebro_hive}/OPC/cerebro-hive-website/apps/studio/app/(platform)/app/forge/database/page.tsx,85,Button,{dynamic} {dynamic},Handler: {() => { setGenerating(true); setTimeout(() => setGenerating(false)  2000); }},Action,Medium,Action
page,D:/{MY_PROJECTS}/{OPC_cerebro_hive}/OPC/cerebro-hive-website/apps/studio/app/(platform)/app/forge/database/page.tsx,96,Card,[Icon/Image],,Missing,High,Unknown
page,D:/{MY_PROJECTS}/{OPC_cerebro_hive}/OPC/cerebro-hive-website/apps/studio/app/(platform)/app/forge/database/page.tsx,118,Button,[Icon/Image],,Missing,High,Unknown
page,D:/{MY_PROJECTS}/{OPC_cerebro_hive}/OPC/cerebro-hive-website/apps/studio/app/(platform)/app/forge/database/page.tsx,119,Button,[Icon/Image],,Missing,High,Unknown
page,D:/{MY_PROJECTS}/{OPC_cerebro_hive}/OPC/cerebro-hive-website/apps/studio/app/(platform)/app/forge/database/page.tsx,60,StatCard,[StatCard],,Missing,High,Unknown
page,D:/{MY_PROJECTS}/{OPC_cerebro_hive}/OPC/cerebro-hive-website/apps/studio/app/(platform)/app/forge/database/page.tsx,61,StatCard,[StatCard],,Missing,High,Unknown
page,D:/{MY_PROJECTS}/{OPC_cerebro_hive}/OPC/cerebro-hive-website/apps/studio/app/(platform)/app/forge/database/page.tsx,62,StatCard,[StatCard],,Missing,High,Unknown
page,D:/{MY_PROJECTS}/{OPC_cerebro_hive}/OPC/cerebro-hive-website/apps/studio/app/(platform)/app/forge/database/page.tsx,63,StatCard,[StatCard],,Missing,High,Unknown
page,D:/{MY_PROJECTS}/{OPC_cerebro_hive}/OPC/cerebro-hive-website/apps/studio/app/(platform)/app/forge/deploy/page.tsx,78,Card,[Icon/Image],,Missing,High,Unknown
page,D:/{MY_PROJECTS}/{OPC_cerebro_hive}/OPC/cerebro-hive-website/apps/studio/app/(platform)/app/forge/deploy/page.tsx,96,Button,{dynamic} {dynamic},Handler: {handleDeploy},Action,Medium,Action
page,D:/{MY_PROJECTS}/{OPC_cerebro_hive}/OPC/cerebro-hive-website/apps/studio/app/(platform)/app/forge/deploy/page.tsx,120,Card,[Icon/Image],,Missing,High,Unknown
page,D:/{MY_PROJECTS}/{OPC_cerebro_hive}/OPC/cerebro-hive-website/apps/studio/app/(platform)/app/forge/deploy/page.tsx,149,Card,{dynamic},,Missing,High,Unknown
page,D:/{MY_PROJECTS}/{OPC_cerebro_hive}/OPC/cerebro-hive-website/apps/studio/app/(platform)/app/forge/deploy/page.tsx,194,Card,[Icon/Image],,Missing,High,Unknown
page,D:/{MY_PROJECTS}/{OPC_cerebro_hive}/OPC/cerebro-hive-website/apps/studio/app/(platform)/app/forge/deploy/page.tsx,220,Card,[Icon/Image],,Missing,High,Unknown
page,D:/{MY_PROJECTS}/{OPC_cerebro_hive}/OPC/cerebro-hive-website/apps/studio/app/(platform)/app/forge/deploy/page.tsx,234,Button,[Icon/Image],Handler: {() => router.push(`/app/forge/review?projectId=${projectId}`)},Action,Medium,Action
page,D:/{MY_PROJECTS}/{OPC_cerebro_hive}/OPC/cerebro-hive-website/apps/studio/app/(platform)/app/forge/deploy/page.tsx,243,Button,[Icon/Image],,Missing,High,Unknown
page,D:/{MY_PROJECTS}/{OPC_cerebro_hive}/OPC/cerebro-hive-website/apps/studio/app/(platform)/app/forge/deploy/page.tsx,244,Button,[Icon/Image],,Missing,High,Unknown
page,D:/{MY_PROJECTS}/{OPC_cerebro_hive}/OPC/cerebro-hive-website/apps/studio/app/(platform)/app/forge/deploy/page.tsx,131,StatCard,[StatCard],,Missing,High,Unknown
page,D:/{MY_PROJECTS}/{OPC_cerebro_hive}/OPC/cerebro-hive-website/apps/studio/app/(platform)/app/forge/deploy/page.tsx,132,StatCard,[StatCard],,Missing,High,Unknown
page,D:/{MY_PROJECTS}/{OPC_cerebro_hive}/OPC/cerebro-hive-website/apps/studio/app/(platform)/app/forge/deploy/page.tsx,133,StatCard,[StatCard],,Missing,High,Unknown
page,D:/{MY_PROJECTS}/{OPC_cerebro_hive}/OPC/cerebro-hive-website/apps/studio/app/(platform)/app/forge/deploy/page.tsx,134,StatCard,[StatCard],,Missing,High,Unknown
page,D:/{MY_PROJECTS}/{OPC_cerebro_hive}/OPC/cerebro-hive-website/apps/studio/app/(platform)/app/forge/deploy/page.tsx,196,Icon,[Icon],,Missing,High,Unknown
page,D:/{MY_PROJECTS}/{OPC_cerebro_hive}/OPC/cerebro-hive-website/apps/studio/app/(platform)/app/forge/deploy/page.tsx,221,Icon,[Icon],,Missing,High,Unknown
page,D:/{MY_PROJECTS}/{OPC_cerebro_hive}/OPC/cerebro-hive-website/apps/studio/app/(platform)/app/forge/desktop/page.tsx,59,button,[Empty],Handler: {() => setSelected(i)},Action,Medium,Action
page,D:/{MY_PROJECTS}/{OPC_cerebro_hive}/OPC/cerebro-hive-website/apps/studio/app/(platform)/app/forge/desktop/page.tsx,100,Card,[Icon/Image],,Missing,High,Unknown
page,D:/{MY_PROJECTS}/{OPC_cerebro_hive}/OPC/cerebro-hive-website/apps/studio/app/(platform)/app/forge/desktop/page.tsx,117,Button,{dynamic} {dynamic},Handler: {() => { setBuilding(true); setTimeout(() => setBuilding(false)  3000); }},Action,Medium,Action
page,D:/{MY_PROJECTS}/{OPC_cerebro_hive}/OPC/cerebro-hive-website/apps/studio/app/(platform)/app/forge/desktop/page.tsx,125,Button,[Icon/Image],,Missing,High,Unknown
page,D:/{MY_PROJECTS}/{OPC_cerebro_hive}/OPC/cerebro-hive-website/apps/studio/app/(platform)/app/forge/desktop/page.tsx,126,Button,[Icon/Image],Handler: {() => router.push(`/app/forge/codegen?projectId=${projectId}`)},Action,Medium,Action
page,D:/{MY_PROJECTS}/{OPC_cerebro_hive}/OPC/cerebro-hive-website/apps/studio/app/(platform)/app/forge/desktop/page.tsx,112,StatCard,[StatCard],,Missing,High,Unknown
page,D:/{MY_PROJECTS}/{OPC_cerebro_hive}/OPC/cerebro-hive-website/apps/studio/app/(platform)/app/forge/desktop/page.tsx,113,StatCard,[StatCard],,Missing,High,Unknown
page,D:/{MY_PROJECTS}/{OPC_cerebro_hive}/OPC/cerebro-hive-website/apps/studio/app/(platform)/app/forge/docs/page.tsx,71,Card,[Icon/Image],,Missing,High,Unknown
page,D:/{MY_PROJECTS}/{OPC_cerebro_hive}/OPC/cerebro-hive-website/apps/studio/app/(platform)/app/forge/docs/page.tsx,87,Button,{dynamic} {dynamic},Handler: {handleGenerate},Action,Medium,Action
page,D:/{MY_PROJECTS}/{OPC_cerebro_hive}/OPC/cerebro-hive-website/apps/studio/app/(platform)/app/forge/docs/page.tsx,97,Button,[Icon/Image],,Missing,High,Unknown
page,D:/{MY_PROJECTS}/{OPC_cerebro_hive}/OPC/cerebro-hive-website/apps/studio/app/(platform)/app/forge/docs/page.tsx,98,Button,[Icon/Image],,Missing,High,Unknown
page,D:/{MY_PROJECTS}/{OPC_cerebro_hive}/OPC/cerebro-hive-website/apps/studio/app/(platform)/app/forge/docs/page.tsx,113,Card,[Icon/Image],,Missing,High,Unknown
page,D:/{MY_PROJECTS}/{OPC_cerebro_hive}/OPC/cerebro-hive-website/apps/studio/app/(platform)/app/forge/docs/page.tsx,131,Card,[Icon/Image],Handler: {() => setSelected(section)},Action,Medium,Action
page,D:/{MY_PROJECTS}/{OPC_cerebro_hive}/OPC/cerebro-hive-website/apps/studio/app/(platform)/app/forge/docs/page.tsx,153,Card,[Empty],,Missing,High,Unknown
page,D:/{MY_PROJECTS}/{OPC_cerebro_hive}/OPC/cerebro-hive-website/apps/studio/app/(platform)/app/forge/docs/page.tsx,170,Button,[Icon/Image],Handler: {() => router.push(`/app/forge?projectId=${projectId}`)},Action,Medium,Action
page,D:/{MY_PROJECTS}/{OPC_cerebro_hive}/OPC/cerebro-hive-website/apps/studio/app/(platform)/app/forge/docs/page.tsx,178,Button,[Icon/Image],Handler: {() => router.push(`/app/forge/repos?projectId=${projectId}`)},Action,Medium,Action
page,D:/{MY_PROJECTS}/{OPC_cerebro_hive}/OPC/cerebro-hive-website/apps/studio/app/(platform)/app/forge/docs/page.tsx,185,Button,[Icon/Image],Handler: {() => router.push(`/app/forge/monitoring?projectId=${projectId}`)},Action,Medium,Action
page,D:/{MY_PROJECTS}/{OPC_cerebro_hive}/OPC/cerebro-hive-website/apps/studio/app/(platform)/app/forge/docs/page.tsx,79,StatCard,[StatCard],,Missing,High,Unknown
page,D:/{MY_PROJECTS}/{OPC_cerebro_hive}/OPC/cerebro-hive-website/apps/studio/app/(platform)/app/forge/docs/page.tsx,80,StatCard,[StatCard],,Missing,High,Unknown
page,D:/{MY_PROJECTS}/{OPC_cerebro_hive}/OPC/cerebro-hive-website/apps/studio/app/(platform)/app/forge/docs/page.tsx,81,StatCard,[StatCard],,Missing,High,Unknown
page,D:/{MY_PROJECTS}/{OPC_cerebro_hive}/OPC/cerebro-hive-website/apps/studio/app/(platform)/app/forge/docs/page.tsx,82,StatCard,[StatCard],,Missing,High,Unknown
page,D:/{MY_PROJECTS}/{OPC_cerebro_hive}/OPC/cerebro-hive-website/apps/studio/app/(platform)/app/forge/docs/page.tsx,137,Icon,[Icon],,Missing,High,Unknown
page,D:/{MY_PROJECTS}/{OPC_cerebro_hive}/OPC/cerebro-hive-website/apps/studio/app/(platform)/app/forge/mobile/page.tsx,69,button,[Empty],Handler: {() => setSelected(i)},Action,Medium,Action
page,D:/{MY_PROJECTS}/{OPC_cerebro_hive}/OPC/cerebro-hive-website/apps/studio/app/(platform)/app/forge/mobile/page.tsx,129,Card,{dynamic},,Missing,High,Unknown
page,D:/{MY_PROJECTS}/{OPC_cerebro_hive}/OPC/cerebro-hive-website/apps/studio/app/(platform)/app/forge/mobile/page.tsx,145,Button,{dynamic} {dynamic},Handler: {() => { setBuilding(true); setTimeout(() => setBuilding(false)  3000); }},Action,Medium,Action
page,D:/{MY_PROJECTS}/{OPC_cerebro_hive}/OPC/cerebro-hive-website/apps/studio/app/(platform)/app/forge/mobile/page.tsx,153,Button,[Icon/Image],,Missing,High,Unknown
page,D:/{MY_PROJECTS}/{OPC_cerebro_hive}/OPC/cerebro-hive-website/apps/studio/app/(platform)/app/forge/mobile/page.tsx,154,Button,[Icon/Image],Handler: {() => router.push(`/app/forge/codegen?projectId=${projectId}`)},Action,Medium,Action
page,D:/{MY_PROJECTS}/{OPC_cerebro_hive}/OPC/cerebro-hive-website/apps/studio/app/(platform)/app/forge/mobile/page.tsx,139,StatCard,[StatCard],,Missing,High,Unknown
page,D:/{MY_PROJECTS}/{OPC_cerebro_hive}/OPC/cerebro-hive-website/apps/studio/app/(platform)/app/forge/mobile/page.tsx,140,StatCard,[StatCard],,Missing,High,Unknown
page,D:/{MY_PROJECTS}/{OPC_cerebro_hive}/OPC/cerebro-hive-website/apps/studio/app/(platform)/app/forge/mobile/page.tsx,141,StatCard,[StatCard],,Missing,High,Unknown
page,D:/{MY_PROJECTS}/{OPC_cerebro_hive}/OPC/cerebro-hive-website/apps/studio/app/(platform)/app/forge/monitoring/page.tsx,139,Button,{dynamic} {dynamic},Handler: {handleRefresh},Action,Medium,Action
page,D:/{MY_PROJECTS}/{OPC_cerebro_hive}/OPC/cerebro-hive-website/apps/studio/app/(platform)/app/forge/monitoring/page.tsx,147,Button,[Icon/Image],,Missing,High,Unknown
page,D:/{MY_PROJECTS}/{OPC_cerebro_hive}/OPC/cerebro-hive-website/apps/studio/app/(platform)/app/forge/monitoring/page.tsx,148,Button,[Icon/Image],,Missing,High,Unknown
page,D:/{MY_PROJECTS}/{OPC_cerebro_hive}/OPC/cerebro-hive-website/apps/studio/app/(platform)/app/forge/monitoring/page.tsx,165,Card,{dynamic},,Missing,High,Unknown
page,D:/{MY_PROJECTS}/{OPC_cerebro_hive}/OPC/cerebro-hive-website/apps/studio/app/(platform)/app/forge/monitoring/page.tsx,216,Card,[Icon/Image],,Missing,High,Unknown
page,D:/{MY_PROJECTS}/{OPC_cerebro_hive}/OPC/cerebro-hive-website/apps/studio/app/(platform)/app/forge/monitoring/page.tsx,227,Card,[Icon/Image],,Missing,High,Unknown
page,D:/{MY_PROJECTS}/{OPC_cerebro_hive}/OPC/cerebro-hive-website/apps/studio/app/(platform)/app/forge/monitoring/page.tsx,241,Button,[Icon/Image],Handler: {() => resolveAlert(i)},Action,Medium,Action
page,D:/{MY_PROJECTS}/{OPC_cerebro_hive}/OPC/cerebro-hive-website/apps/studio/app/(platform)/app/forge/monitoring/page.tsx,265,Card,{dynamic},,Missing,High,Unknown
page,D:/{MY_PROJECTS}/{OPC_cerebro_hive}/OPC/cerebro-hive-website/apps/studio/app/(platform)/app/forge/monitoring/page.tsx,298,Card,[Icon/Image],,Missing,High,Unknown
page,D:/{MY_PROJECTS}/{OPC_cerebro_hive}/OPC/cerebro-hive-website/apps/studio/app/(platform)/app/forge/monitoring/page.tsx,317,Button,[Icon/Image],Handler: {() => router.push(`/app/forge?projectId=${projectId}`)},Action,Medium,Action
page,D:/{MY_PROJECTS}/{OPC_cerebro_hive}/OPC/cerebro-hive-website/apps/studio/app/(platform)/app/forge/monitoring/page.tsx,325,Button,[Icon/Image],Handler: {() => router.push(`/app/forge/repos?projectId=${projectId}`)},Action,Medium,Action
page,D:/{MY_PROJECTS}/{OPC_cerebro_hive}/OPC/cerebro-hive-website/apps/studio/app/(platform)/app/forge/monitoring/page.tsx,131,StatCard,[StatCard],,Missing,High,Unknown
page,D:/{MY_PROJECTS}/{OPC_cerebro_hive}/OPC/cerebro-hive-website/apps/studio/app/(platform)/app/forge/monitoring/page.tsx,132,StatCard,[StatCard],,Missing,High,Unknown
page,D:/{MY_PROJECTS}/{OPC_cerebro_hive}/OPC/cerebro-hive-website/apps/studio/app/(platform)/app/forge/monitoring/page.tsx,133,StatCard,[StatCard],,Missing,High,Unknown
page,D:/{MY_PROJECTS}/{OPC_cerebro_hive}/OPC/cerebro-hive-website/apps/studio/app/(platform)/app/forge/monitoring/page.tsx,134,StatCard,[StatCard],,Missing,High,Unknown
page,D:/{MY_PROJECTS}/{OPC_cerebro_hive}/OPC/cerebro-hive-website/apps/studio/app/(platform)/app/forge/monitoring/page.tsx,229,Icon,[Icon],,Missing,High,Unknown
page,D:/{MY_PROJECTS}/{OPC_cerebro_hive}/OPC/cerebro-hive-website/apps/studio/app/(platform)/app/forge/planner/page.tsx,70,Card,[Icon/Image],,Missing,High,Unknown
page,D:/{MY_PROJECTS}/{OPC_cerebro_hive}/OPC/cerebro-hive-website/apps/studio/app/(platform)/app/forge/planner/page.tsx,79,Button,{dynamic} {dynamic},Handler: {handlePlan},Action,Medium,Action
page,D:/{MY_PROJECTS}/{OPC_cerebro_hive}/OPC/cerebro-hive-website/apps/studio/app/(platform)/app/forge/planner/page.tsx,90,button,{dynamic},Handler: {() => setPrompt(`Build a ${s}`)},Action,Medium,Action
page,D:/{MY_PROJECTS}/{OPC_cerebro_hive}/OPC/cerebro-hive-website/apps/studio/app/(platform)/app/forge/planner/page.tsx,147,Card,[Icon/Image],,Missing,High,Unknown
page,D:/{MY_PROJECTS}/{OPC_cerebro_hive}/OPC/cerebro-hive-website/apps/studio/app/(platform)/app/forge/planner/page.tsx,158,Button,[Icon/Image],,Missing,High,Unknown
page,D:/{MY_PROJECTS}/{OPC_cerebro_hive}/OPC/cerebro-hive-website/apps/studio/app/(platform)/app/forge/planner/page.tsx,172,Card,{dynamic},,Missing,High,Unknown
page,D:/{MY_PROJECTS}/{OPC_cerebro_hive}/OPC/cerebro-hive-website/apps/studio/app/(platform)/app/forge/planner/page.tsx,187,Card,{dynamic},,Missing,High,Unknown
page,D:/{MY_PROJECTS}/{OPC_cerebro_hive}/OPC/cerebro-hive-website/apps/studio/app/(platform)/app/forge/planner/page.tsx,206,Button,[Icon/Image],Handler: {() => window.location.href = `/app/forge/requirements?projectId=${projectId}`},Action,Medium,Action
page,D:/{MY_PROJECTS}/{OPC_cerebro_hive}/OPC/cerebro-hive-website/apps/studio/app/(platform)/app/forge/planner/page.tsx,212,Button,[Empty],Handler: {handlePlan},Action,Medium,Action
page,D:/{MY_PROJECTS}/{OPC_cerebro_hive}/OPC/cerebro-hive-website/apps/studio/app/(platform)/app/forge/planner/page.tsx,134,StatCard,[StatCard],,Missing,High,Unknown
page,D:/{MY_PROJECTS}/{OPC_cerebro_hive}/OPC/cerebro-hive-website/apps/studio/app/(platform)/app/forge/planner/page.tsx,135,StatCard,[StatCard],,Missing,High,Unknown
page,D:/{MY_PROJECTS}/{OPC_cerebro_hive}/OPC/cerebro-hive-website/apps/studio/app/(platform)/app/forge/planner/page.tsx,136,StatCard,[StatCard],,Missing,High,Unknown
page,D:/{MY_PROJECTS}/{OPC_cerebro_hive}/OPC/cerebro-hive-website/apps/studio/app/(platform)/app/forge/planner/page.tsx,137,StatCard,[StatCard],,Missing,High,Unknown
page,D:/{MY_PROJECTS}/{OPC_cerebro_hive}/OPC/cerebro-hive-website/apps/studio/app/(platform)/app/forge/repos/page.tsx,61,Button,[Icon/Image],,Missing,High,Unknown
page,D:/{MY_PROJECTS}/{OPC_cerebro_hive}/OPC/cerebro-hive-website/apps/studio/app/(platform)/app/forge/repos/page.tsx,67,Card,[Icon/Image],,Missing,High,Unknown
page,D:/{MY_PROJECTS}/{OPC_cerebro_hive}/OPC/cerebro-hive-website/apps/studio/app/(platform)/app/forge/repos/page.tsx,85,Button,[Icon/Image],,Missing,High,Unknown
page,D:/{MY_PROJECTS}/{OPC_cerebro_hive}/OPC/cerebro-hive-website/apps/studio/app/(platform)/app/forge/repos/page.tsx,88,Button,[Icon/Image],,Missing,High,Unknown
page,D:/{MY_PROJECTS}/{OPC_cerebro_hive}/OPC/cerebro-hive-website/apps/studio/app/(platform)/app/forge/repos/page.tsx,100,Card,{dynamic},,Missing,High,Unknown
page,D:/{MY_PROJECTS}/{OPC_cerebro_hive}/OPC/cerebro-hive-website/apps/studio/app/(platform)/app/forge/repos/page.tsx,50,StatCard,[StatCard],,Missing,High,Unknown
page,D:/{MY_PROJECTS}/{OPC_cerebro_hive}/OPC/cerebro-hive-website/apps/studio/app/(platform)/app/forge/repos/page.tsx,51,StatCard,[StatCard],,Missing,High,Unknown
page,D:/{MY_PROJECTS}/{OPC_cerebro_hive}/OPC/cerebro-hive-website/apps/studio/app/(platform)/app/forge/repos/page.tsx,52,StatCard,[StatCard],,Missing,High,Unknown
page,D:/{MY_PROJECTS}/{OPC_cerebro_hive}/OPC/cerebro-hive-website/apps/studio/app/(platform)/app/forge/repos/page.tsx,53,StatCard,[StatCard],,Missing,High,Unknown
page,D:/{MY_PROJECTS}/{OPC_cerebro_hive}/OPC/cerebro-hive-website/apps/studio/app/(platform)/app/forge/requirements/page.tsx,99,Card,[Icon/Image],,Missing,High,Unknown
page,D:/{MY_PROJECTS}/{OPC_cerebro_hive}/OPC/cerebro-hive-website/apps/studio/app/(platform)/app/forge/requirements/page.tsx,118,Button,{dynamic} {dynamic},Handler: {handleGenerate},Action,Medium,Action
page,D:/{MY_PROJECTS}/{OPC_cerebro_hive}/OPC/cerebro-hive-website/apps/studio/app/(platform)/app/forge/requirements/page.tsx,130,Card,[Empty],,Missing,High,Unknown
page,D:/{MY_PROJECTS}/{OPC_cerebro_hive}/OPC/cerebro-hive-website/apps/studio/app/(platform)/app/forge/requirements/page.tsx,150,button,{dynamic},Handler: {() => setActiveTab(tab.key)},Action,Medium,Action
page,D:/{MY_PROJECTS}/{OPC_cerebro_hive}/OPC/cerebro-hive-website/apps/studio/app/(platform)/app/forge/requirements/page.tsx,166,Card,[Icon/Image],,Missing,High,Unknown
page,D:/{MY_PROJECTS}/{OPC_cerebro_hive}/OPC/cerebro-hive-website/apps/studio/app/(platform)/app/forge/requirements/page.tsx,189,Card,[Icon/Image],Handler: {() => setActiveTab(tab.key)},Action,Medium,Action
page,D:/{MY_PROJECTS}/{OPC_cerebro_hive}/OPC/cerebro-hive-website/apps/studio/app/(platform)/app/forge/requirements/page.tsx,204,Button,[Icon/Image],Handler: {() => window.location.href = `/app/forge/architect?projectId=${projectId}`},Action,Medium,Action
page,D:/{MY_PROJECTS}/{OPC_cerebro_hive}/OPC/cerebro-hive-website/apps/studio/app/(platform)/app/forge/requirements/page.tsx,210,Button,[Icon/Image],Handler: {handleGenerate},Action,Medium,Action
page,D:/{MY_PROJECTS}/{OPC_cerebro_hive}/OPC/cerebro-hive-website/apps/studio/app/(platform)/app/forge/review/page.tsx,81,Card,[Icon/Image],,Missing,High,Unknown
page,D:/{MY_PROJECTS}/{OPC_cerebro_hive}/OPC/cerebro-hive-website/apps/studio/app/(platform)/app/forge/review/page.tsx,88,Card,[Icon/Image],,Missing,High,Unknown
page,D:/{MY_PROJECTS}/{OPC_cerebro_hive}/OPC/cerebro-hive-website/apps/studio/app/(platform)/app/forge/review/page.tsx,115,Button,{dynamic} {dynamic},Handler: {handleReview},Action,Medium,Action
page,D:/{MY_PROJECTS}/{OPC_cerebro_hive}/OPC/cerebro-hive-website/apps/studio/app/(platform)/app/forge/review/page.tsx,124,Button,{dynamic},,Missing,High,Unknown
page,D:/{MY_PROJECTS}/{OPC_cerebro_hive}/OPC/cerebro-hive-website/apps/studio/app/(platform)/app/forge/review/page.tsx,142,Card,[Icon/Image],,Missing,High,Unknown
page,D:/{MY_PROJECTS}/{OPC_cerebro_hive}/OPC/cerebro-hive-website/apps/studio/app/(platform)/app/forge/review/page.tsx,157,Card,[Icon/Image],,Missing,High,Unknown
page,D:/{MY_PROJECTS}/{OPC_cerebro_hive}/OPC/cerebro-hive-website/apps/studio/app/(platform)/app/forge/review/page.tsx,180,Card,[Icon/Image],,Missing,High,Unknown
page,D:/{MY_PROJECTS}/{OPC_cerebro_hive}/OPC/cerebro-hive-website/apps/studio/app/(platform)/app/forge/review/page.tsx,188,Card,[Icon/Image],,Missing,High,Unknown
page,D:/{MY_PROJECTS}/{OPC_cerebro_hive}/OPC/cerebro-hive-website/apps/studio/app/(platform)/app/forge/review/page.tsx,210,Button,{dynamic} {dynamic},Handler: {() => { setFixing(i); setTimeout(() => setFixing(null)  2000); }},Action,Medium,Action
page,D:/{MY_PROJECTS}/{OPC_cerebro_hive}/OPC/cerebro-hive-website/apps/studio/app/(platform)/app/forge/review/page.tsx,231,Button,[Icon/Image],Handler: {() => router.push(`/app/forge/docs?projectId=${projectId}`)},Action,Medium,Action
page,D:/{MY_PROJECTS}/{OPC_cerebro_hive}/OPC/cerebro-hive-website/apps/studio/app/(platform)/app/forge/review/page.tsx,239,Button,[Icon/Image],,Missing,High,Unknown
page,D:/{MY_PROJECTS}/{OPC_cerebro_hive}/OPC/cerebro-hive-website/apps/studio/app/(platform)/app/forge/review/page.tsx,158,Icon,[Icon],,Missing,High,Unknown
page,D:/{MY_PROJECTS}/{OPC_cerebro_hive}/OPC/cerebro-hive-website/apps/studio/app/(platform)/app/forge/testing/page.tsx,72,Card,[Icon/Image],,Missing,High,Unknown
page,D:/{MY_PROJECTS}/{OPC_cerebro_hive}/OPC/cerebro-hive-website/apps/studio/app/(platform)/app/forge/testing/page.tsx,80,Button,{dynamic} {dynamic},Handler: {handleRunTests},Action,Medium,Action
page,D:/{MY_PROJECTS}/{OPC_cerebro_hive}/OPC/cerebro-hive-website/apps/studio/app/(platform)/app/forge/testing/page.tsx,89,Button,[Icon/Image],,Missing,High,Unknown
page,D:/{MY_PROJECTS}/{OPC_cerebro_hive}/OPC/cerebro-hive-website/apps/studio/app/(platform)/app/forge/testing/page.tsx,94,Button,[Icon/Image],,Missing,High,Unknown
page,D:/{MY_PROJECTS}/{OPC_cerebro_hive}/OPC/cerebro-hive-website/apps/studio/app/(platform)/app/forge/testing/page.tsx,112,Card,[Icon/Image],,Missing,High,Unknown
page,D:/{MY_PROJECTS}/{OPC_cerebro_hive}/OPC/cerebro-hive-website/apps/studio/app/(platform)/app/forge/testing/page.tsx,125,Card,[Empty],,Missing,High,Unknown
page,D:/{MY_PROJECTS}/{OPC_cerebro_hive}/OPC/cerebro-hive-website/apps/studio/app/(platform)/app/forge/testing/page.tsx,134,Card,[Icon/Image],,Missing,High,Unknown
page,D:/{MY_PROJECTS}/{OPC_cerebro_hive}/OPC/cerebro-hive-website/apps/studio/app/(platform)/app/forge/testing/page.tsx,171,Card,{dynamic},,Missing,High,Unknown
page,D:/{MY_PROJECTS}/{OPC_cerebro_hive}/OPC/cerebro-hive-website/apps/studio/app/(platform)/app/forge/testing/page.tsx,189,Card,[Icon/Image],,Missing,High,Unknown
page,D:/{MY_PROJECTS}/{OPC_cerebro_hive}/OPC/cerebro-hive-website/apps/studio/app/(platform)/app/forge/testing/page.tsx,196,Card,[Icon/Image],,Missing,High,Unknown
page,D:/{MY_PROJECTS}/{OPC_cerebro_hive}/OPC/cerebro-hive-website/apps/studio/app/(platform)/app/forge/testing/page.tsx,206,Button,[Icon/Image],,Missing,High,Unknown
page,D:/{MY_PROJECTS}/{OPC_cerebro_hive}/OPC/cerebro-hive-website/apps/studio/app/(platform)/app/forge/testing/page.tsx,215,Card,[Icon/Image],,Missing,High,Unknown
page,D:/{MY_PROJECTS}/{OPC_cerebro_hive}/OPC/cerebro-hive-website/apps/studio/app/(platform)/app/forge/testing/page.tsx,223,Button,[Icon/Image],,Missing,High,Unknown
page,D:/{MY_PROJECTS}/{OPC_cerebro_hive}/OPC/cerebro-hive-website/apps/studio/app/(platform)/app/forge/testing/page.tsx,233,Button,[Icon/Image],Handler: {() => router.push(`/app/forge/deploy?projectId=${projectId}`)},Action,Medium,Action
page,D:/{MY_PROJECTS}/{OPC_cerebro_hive}/OPC/cerebro-hive-website/apps/studio/app/(platform)/app/forge/testing/page.tsx,241,Button,[Icon/Image],,Missing,High,Unknown
page,D:/{MY_PROJECTS}/{OPC_cerebro_hive}/OPC/cerebro-hive-website/apps/studio/app/(platform)/app/forge/testing/page.tsx,64,StatCard,[StatCard],,Missing,High,Unknown
page,D:/{MY_PROJECTS}/{OPC_cerebro_hive}/OPC/cerebro-hive-website/apps/studio/app/(platform)/app/forge/testing/page.tsx,65,StatCard,[StatCard],,Missing,High,Unknown
page,D:/{MY_PROJECTS}/{OPC_cerebro_hive}/OPC/cerebro-hive-website/apps/studio/app/(platform)/app/forge/testing/page.tsx,66,StatCard,[StatCard],,Missing,High,Unknown
page,D:/{MY_PROJECTS}/{OPC_cerebro_hive}/OPC/cerebro-hive-website/apps/studio/app/(platform)/app/forge/testing/page.tsx,67,StatCard,[StatCard],,Missing,High,Unknown
page,D:/{MY_PROJECTS}/{OPC_cerebro_hive}/OPC/cerebro-hive-website/apps/studio/app/(platform)/app/forge/ui-studio/page.tsx,110,Card,{dynamic},,Missing,High,Unknown
page,D:/{MY_PROJECTS}/{OPC_cerebro_hive}/OPC/cerebro-hive-website/apps/studio/app/(platform)/app/forge/ui-studio/page.tsx,123,Card,{dynamic},,Missing,High,Unknown
page,D:/{MY_PROJECTS}/{OPC_cerebro_hive}/OPC/cerebro-hive-website/apps/studio/app/(platform)/app/forge/ui-studio/page.tsx,138,Button,{dynamic} {dynamic},Handler: {() => { setGenerating(true); setTimeout(() => setGenerating(false)  2000); }},Action,Medium,Action
page,D:/{MY_PROJECTS}/{OPC_cerebro_hive}/OPC/cerebro-hive-website/apps/studio/app/(platform)/app/forge/ui-studio/page.tsx,146,button,{dynamic},Handler: {() => setDarkMode(!darkMode)},Action,Medium,Action
page,D:/{MY_PROJECTS}/{OPC_cerebro_hive}/OPC/cerebro-hive-website/apps/studio/app/(platform)/app/forge/ui-studio/page.tsx,161,Card,{dynamic},,Missing,High,Unknown
page,D:/{MY_PROJECTS}/{OPC_cerebro_hive}/OPC/cerebro-hive-website/apps/studio/app/(platform)/app/forge/ui-studio/page.tsx,198,Button,[Icon/Image],Handler: {() => router.push(`/app/forge/codegen?projectId=${projectId}`)},Action,Medium,Action
page,D:/{MY_PROJECTS}/{OPC_cerebro_hive}/OPC/cerebro-hive-website/apps/studio/app/(platform)/app/forge/ui-studio/page.tsx,201,Button,[Icon/Image],,Missing,High,Unknown
page,D:/{MY_PROJECTS}/{OPC_cerebro_hive}/OPC/cerebro-hive-website/apps/studio/app/(platform)/app/forge/web/page.tsx,72,Card,[Empty],,Missing,High,Unknown
page,D:/{MY_PROJECTS}/{OPC_cerebro_hive}/OPC/cerebro-hive-website/apps/studio/app/(platform)/app/forge/web/page.tsx,89,Button,{dynamic} {dynamic},Handler: {() => { setBuilding(true); setTimeout(() => setBuilding(false)  2500); }},Action,Medium,Action
page,D:/{MY_PROJECTS}/{OPC_cerebro_hive}/OPC/cerebro-hive-website/apps/studio/app/(platform)/app/forge/web/page.tsx,100,Card,[Icon/Image],,Missing,High,Unknown
page,D:/{MY_PROJECTS}/{OPC_cerebro_hive}/OPC/cerebro-hive-website/apps/studio/app/(platform)/app/forge/web/page.tsx,60,StatCard,[StatCard],,Missing,High,Unknown
page,D:/{MY_PROJECTS}/{OPC_cerebro_hive}/OPC/cerebro-hive-website/apps/studio/app/(platform)/app/forge/web/page.tsx,61,StatCard,[StatCard],,Missing,High,Unknown
page,D:/{MY_PROJECTS}/{OPC_cerebro_hive}/OPC/cerebro-hive-website/apps/studio/app/(platform)/app/forge/web/page.tsx,62,StatCard,[StatCard],,Missing,High,Unknown
page,D:/{MY_PROJECTS}/{OPC_cerebro_hive}/OPC/cerebro-hive-website/apps/studio/app/(platform)/app/forge/web/page.tsx,63,StatCard,[StatCard],,Missing,High,Unknown
page,D:/{MY_PROJECTS}/{OPC_cerebro_hive}/OPC/cerebro-hive-website/apps/studio/app/(platform)/app/hiveops/clusters/page.tsx,112,Card,[Icon/Image],,Missing,High,Unknown
page,D:/{MY_PROJECTS}/{OPC_cerebro_hive}/OPC/cerebro-hive-website/apps/studio/app/(platform)/app/hiveops/clusters/page.tsx,134,Card,{dynamic},,Missing,High,Unknown
page,D:/{MY_PROJECTS}/{OPC_cerebro_hive}/OPC/cerebro-hive-website/apps/studio/app/(platform)/app/hiveops/clusters/page.tsx,135,button,{dynamic} {dynamic},Handler: {() => setExpanded(isExpanded ? "" : cluster.name)},Action,Medium,Action
page,D:/{MY_PROJECTS}/{OPC_cerebro_hive}/OPC/cerebro-hive-website/apps/studio/app/(platform)/app/hiveops/clusters/page.tsx,114,Icon,[Icon],,Missing,High,Unknown
page,D:/{MY_PROJECTS}/{OPC_cerebro_hive}/OPC/cerebro-hive-website/apps/studio/app/(platform)/app/hiveops/costs/page.tsx,84,Card,[Icon/Image],,Missing,High,Unknown
page,D:/{MY_PROJECTS}/{OPC_cerebro_hive}/OPC/cerebro-hive-website/apps/studio/app/(platform)/app/hiveops/costs/page.tsx,108,button,{dynamic},Handler: {() => setView(v)},Action,Medium,Action
page,D:/{MY_PROJECTS}/{OPC_cerebro_hive}/OPC/cerebro-hive-website/apps/studio/app/(platform)/app/hiveops/costs/page.tsx,121,Card,[Icon/Image],,Missing,High,Unknown
page,D:/{MY_PROJECTS}/{OPC_cerebro_hive}/OPC/cerebro-hive-website/apps/studio/app/(platform)/app/hiveops/costs/page.tsx,149,Card,[Icon/Image],,Missing,High,Unknown
page,D:/{MY_PROJECTS}/{OPC_cerebro_hive}/OPC/cerebro-hive-website/apps/studio/app/(platform)/app/hiveops/costs/page.tsx,170,Card,[Icon/Image],,Missing,High,Unknown
page,D:/{MY_PROJECTS}/{OPC_cerebro_hive}/OPC/cerebro-hive-website/apps/studio/app/(platform)/app/hiveops/costs/page.tsx,186,Card,[Icon/Image],,Missing,High,Unknown
page,D:/{MY_PROJECTS}/{OPC_cerebro_hive}/OPC/cerebro-hive-website/apps/studio/app/(platform)/app/hiveops/costs/page.tsx,77,StatCard,[StatCard],,Missing,High,Unknown
page,D:/{MY_PROJECTS}/{OPC_cerebro_hive}/OPC/cerebro-hive-website/apps/studio/app/(platform)/app/hiveops/costs/page.tsx,78,StatCard,[StatCard],,Missing,High,Unknown
page,D:/{MY_PROJECTS}/{OPC_cerebro_hive}/OPC/cerebro-hive-website/apps/studio/app/(platform)/app/hiveops/costs/page.tsx,79,StatCard,[StatCard],,Missing,High,Unknown
page,D:/{MY_PROJECTS}/{OPC_cerebro_hive}/OPC/cerebro-hive-website/apps/studio/app/(platform)/app/hiveops/costs/page.tsx,80,StatCard,[StatCard],,Missing,High,Unknown
page,D:/{MY_PROJECTS}/{OPC_cerebro_hive}/OPC/cerebro-hive-website/apps/studio/app/(platform)/app/hiveops/deployments/page.tsx,84,Card,[Icon/Image],,Missing,High,Unknown
page,D:/{MY_PROJECTS}/{OPC_cerebro_hive}/OPC/cerebro-hive-website/apps/studio/app/(platform)/app/hiveops/deployments/page.tsx,98,Button,[Icon/Image],,Missing,High,Unknown
page,D:/{MY_PROJECTS}/{OPC_cerebro_hive}/OPC/cerebro-hive-website/apps/studio/app/(platform)/app/hiveops/deployments/page.tsx,131,Card,{dynamic},,Missing,High,Unknown
page,D:/{MY_PROJECTS}/{OPC_cerebro_hive}/OPC/cerebro-hive-website/apps/studio/app/(platform)/app/hiveops/deployments/page.tsx,132,button,{dynamic},Handler: {() => setExpanded(isExpanded ? "" : env.name)},Action,Medium,Action
page,D:/{MY_PROJECTS}/{OPC_cerebro_hive}/OPC/cerebro-hive-website/apps/studio/app/(platform)/app/hiveops/deployments/page.tsx,182,Button,[Icon/Image],,Missing,High,Unknown
page,D:/{MY_PROJECTS}/{OPC_cerebro_hive}/OPC/cerebro-hive-website/apps/studio/app/(platform)/app/hiveops/deployments/page.tsx,186,Button,[Icon/Image],,Missing,High,Unknown
page,D:/{MY_PROJECTS}/{OPC_cerebro_hive}/OPC/cerebro-hive-website/apps/studio/app/(platform)/app/hiveops/gitops/page.tsx,166,Card,[Icon/Image],,Missing,High,Unknown
page,D:/{MY_PROJECTS}/{OPC_cerebro_hive}/OPC/cerebro-hive-website/apps/studio/app/(platform)/app/hiveops/gitops/page.tsx,187,Card,{dynamic},,Missing,High,Unknown
page,D:/{MY_PROJECTS}/{OPC_cerebro_hive}/OPC/cerebro-hive-website/apps/studio/app/(platform)/app/hiveops/gitops/page.tsx,192,button,{dynamic},Handler: {() => setExpanded(isExpanded ? null : app.name)},Action,Medium,Action
page,D:/{MY_PROJECTS}/{OPC_cerebro_hive}/OPC/cerebro-hive-website/apps/studio/app/(platform)/app/hiveops/gitops/page.tsx,212,Button,[Icon/Image],,Missing,High,Unknown
page,D:/{MY_PROJECTS}/{OPC_cerebro_hive}/OPC/cerebro-hive-website/apps/studio/app/(platform)/app/hiveops/gitops/page.tsx,266,Card,[Empty],,Missing,High,Unknown
page,D:/{MY_PROJECTS}/{OPC_cerebro_hive}/OPC/cerebro-hive-website/apps/studio/app/(platform)/app/hiveops/gitops/page.tsx,168,Icon,[Icon],,Missing,High,Unknown
page,D:/{MY_PROJECTS}/{OPC_cerebro_hive}/OPC/cerebro-hive-website/apps/studio/app/(platform)/app/hiveops/pipelines/page.tsx,175,Card,[Empty],,Missing,High,Unknown
page,D:/{MY_PROJECTS}/{OPC_cerebro_hive}/OPC/cerebro-hive-website/apps/studio/app/(platform)/app/hiveops/pipelines/page.tsx,185,button,{dynamic},Handler: {() => setFilter(f)},Action,Medium,Action
page,D:/{MY_PROJECTS}/{OPC_cerebro_hive}/OPC/cerebro-hive-website/apps/studio/app/(platform)/app/hiveops/pipelines/page.tsx,197,Button,[Icon/Image],,Missing,High,Unknown
page,D:/{MY_PROJECTS}/{OPC_cerebro_hive}/OPC/cerebro-hive-website/apps/studio/app/(platform)/app/hiveops/pipelines/page.tsx,210,Card,{dynamic} {dynamic} {dynamic},,Missing,High,Unknown
page,D:/{MY_PROJECTS}/{OPC_cerebro_hive}/OPC/cerebro-hive-website/apps/studio/app/(platform)/app/hiveops/pipelines/page.tsx,212,button,{dynamic},Handler: {() => setExpanded(isExpanded ? null : run.id)},Action,Medium,Action
page,D:/{MY_PROJECTS}/{OPC_cerebro_hive}/OPC/cerebro-hive-website/apps/studio/app/(platform)/app/hiveops/pipelines/page.tsx,233,Button,[Icon/Image],Handler: {(e) => { e.stopPropagation(); }},Action,Medium,Action
page,D:/{MY_PROJECTS}/{OPC_cerebro_hive}/OPC/cerebro-hive-website/apps/studio/app/(platform)/app/hiveops/security/page.tsx,136,Card,[Empty],,Missing,High,Unknown
page,D:/{MY_PROJECTS}/{OPC_cerebro_hive}/OPC/cerebro-hive-website/apps/studio/app/(platform)/app/hiveops/security/page.tsx,149,Card,{dynamic},,Missing,High,Unknown
page,D:/{MY_PROJECTS}/{OPC_cerebro_hive}/OPC/cerebro-hive-website/apps/studio/app/(platform)/app/hiveops/security/page.tsx,173,button,{dynamic},Handler: {() => setFilterSeverity(s)},Action,Medium,Action
page,D:/{MY_PROJECTS}/{OPC_cerebro_hive}/OPC/cerebro-hive-website/apps/studio/app/(platform)/app/hiveops/security/page.tsx,182,button,{dynamic},Handler: {() => setFilterScanner(s)},Action,Medium,Action
page,D:/{MY_PROJECTS}/{OPC_cerebro_hive}/OPC/cerebro-hive-website/apps/studio/app/(platform)/app/hiveops/security/page.tsx,189,Button,[Icon/Image],,Missing,High,Unknown
page,D:/{MY_PROJECTS}/{OPC_cerebro_hive}/OPC/cerebro-hive-website/apps/studio/app/(platform)/app/hiveops/security/page.tsx,201,Card,{dynamic},,Missing,High,Unknown
page,D:/{MY_PROJECTS}/{OPC_cerebro_hive}/OPC/cerebro-hive-website/apps/studio/app/(platform)/app/hiveops/security/page.tsx,202,button,[Icon/Image],Handler: {() => setExpanded(isExpanded ? null : finding.id)},Action,Medium,Action
page,D:/{MY_PROJECTS}/{OPC_cerebro_hive}/OPC/cerebro-hive-website/apps/studio/app/(platform)/app/hiveops/security/page.tsx,229,Button,[Icon/Image],,Missing,High,Unknown
page,D:/{MY_PROJECTS}/{OPC_cerebro_hive}/OPC/cerebro-hive-website/apps/studio/app/(platform)/app/hiveops/security/page.tsx,254,Card,[Icon/Image],,Missing,High,Unknown
page,D:/{MY_PROJECTS}/{OPC_cerebro_hive}/OPC/cerebro-hive-website/apps/studio/app/(platform)/app/hiveops/security/page.tsx,151,Icon,[Icon],,Missing,High,Unknown
page,D:/{MY_PROJECTS}/{OPC_cerebro_hive}/OPC/cerebro-hive-website/apps/studio/app/(platform)/app/talent/builder/page.tsx,65,Button,[Icon/Image],Handler: {() => analytics.track({ eventName: 'click'  category: 'talent-builder'  label: 'Save' })},Action,Medium,Action
page,D:/{MY_PROJECTS}/{OPC_cerebro_hive}/OPC/cerebro-hive-website/apps/studio/app/(platform)/app/talent/builder/page.tsx,90,div,[Icon/Image],Handler: {() => {                    analytics.track({ eventName: 'click'  category: 'talent-builder'  label: `Select Widget: ${block.title}` });                    setActiveBlockId(block.id);                  }},Action,Medium,Action
page,D:/{MY_PROJECTS}/{OPC_cerebro_hive}/OPC/cerebro-hive-website/apps/studio/app/(platform)/app/talent/builder/page.tsx,121,TrackedButton,[Icon/Image],Handler: {(e) => removeBlock(block.id  e)},Action,Medium,Action
page,D:/{MY_PROJECTS}/{OPC_cerebro_hive}/OPC/cerebro-hive-website/apps/studio/app/(platform)/app/talent/builder/page.tsx,135,TrackedButton,[Icon/Image],Handler: {() => setShowAddMenu(true)},Action,Medium,Action
page,D:/{MY_PROJECTS}/{OPC_cerebro_hive}/OPC/cerebro-hive-website/apps/studio/app/(platform)/app/talent/builder/page.tsx,144,Card,[Icon/Image],,Missing,High,Unknown
page,D:/{MY_PROJECTS}/{OPC_cerebro_hive}/OPC/cerebro-hive-website/apps/studio/app/(platform)/app/talent/builder/page.tsx,146,TrackedButton,[Icon/Image],Handler: {() => addBlock("markdown"  "Instructions")},Action,Medium,Action
page,D:/{MY_PROJECTS}/{OPC_cerebro_hive}/OPC/cerebro-hive-website/apps/studio/app/(platform)/app/talent/builder/page.tsx,149,TrackedButton,[Icon/Image],Handler: {() => addBlock("code"  "Code Implementation")},Action,Medium,Action
page,D:/{MY_PROJECTS}/{OPC_cerebro_hive}/OPC/cerebro-hive-website/apps/studio/app/(platform)/app/talent/builder/page.tsx,152,TrackedButton,[Icon/Image],Handler: {() => addBlock("sql"  "Database Query")},Action,Medium,Action
page,D:/{MY_PROJECTS}/{OPC_cerebro_hive}/OPC/cerebro-hive-website/apps/studio/app/(platform)/app/talent/builder/page.tsx,155,TrackedButton,[Icon/Image],Handler: {() => addBlock("prompt"  "AI Prompting")},Action,Medium,Action
page,D:/{MY_PROJECTS}/{OPC_cerebro_hive}/OPC/cerebro-hive-website/apps/studio/app/(platform)/app/talent/builder/page.tsx,236,Button,[Icon/Image],Handler: {() => analytics.track({ eventName: 'click'  category: 'talent-builder'  label: 'Select from Repository' })},Action,Medium,Action
page,D:/{MY_PROJECTS}/{OPC_cerebro_hive}/OPC/cerebro-hive-website/apps/studio/app/(platform)/app/talent/builder/page.tsx,256,Button,[Empty],Handler: {() => analytics.track({ eventName: 'click'  category: 'talent-builder'  label: 'Add Test Case' })},Action,Medium,Action
page,D:/{MY_PROJECTS}/{OPC_cerebro_hive}/OPC/cerebro-hive-website/apps/studio/app/(platform)/app/talent/builder/page.tsx,289,Button,[Icon/Image],Handler: {() => analytics.track({ eventName: 'click'  category: 'talent-builder'  label: 'Configure Rubric' })},Action,Medium,Action
page,D:/{MY_PROJECTS}/{OPC_cerebro_hive}/OPC/cerebro-hive-website/apps/studio/app/(platform)/app/talent/candidates/page.tsx,31,Button,[Icon/Image],,Missing,High,Unknown
page,D:/{MY_PROJECTS}/{OPC_cerebro_hive}/OPC/cerebro-hive-website/apps/studio/app/(platform)/app/talent/candidates/page.tsx,32,Button,[Icon/Image],,Missing,High,Unknown
page,D:/{MY_PROJECTS}/{OPC_cerebro_hive}/OPC/cerebro-hive-website/apps/studio/app/(platform)/app/talent/candidates/page.tsx,47,Button,[Icon/Image],,Missing,High,Unknown
page,D:/{MY_PROJECTS}/{OPC_cerebro_hive}/OPC/cerebro-hive-website/apps/studio/app/(platform)/app/talent/candidates/page.tsx,48,Button,[Icon/Image],,Missing,High,Unknown
page,D:/{MY_PROJECTS}/{OPC_cerebro_hive}/OPC/cerebro-hive-website/apps/studio/app/(platform)/app/talent/candidates/page.tsx,49,Button,[Icon/Image],,Missing,High,Unknown
page,D:/{MY_PROJECTS}/{OPC_cerebro_hive}/OPC/cerebro-hive-website/apps/studio/app/(platform)/app/talent/candidates/page.tsx,54,Card,[Icon/Image],,Missing,High,Unknown
page,D:/{MY_PROJECTS}/{OPC_cerebro_hive}/OPC/cerebro-hive-website/apps/studio/app/(platform)/app/talent/candidates/page.tsx,55,Table,[Icon/Image],,Missing,High,Unknown
page,D:/{MY_PROJECTS}/{OPC_cerebro_hive}/OPC/cerebro-hive-website/apps/studio/app/(platform)/app/talent/candidates/page.tsx,56,TableHeader,[Empty],,Missing,High,Unknown
page,D:/{MY_PROJECTS}/{OPC_cerebro_hive}/OPC/cerebro-hive-website/apps/studio/app/(platform)/app/talent/candidates/page.tsx,57,TableRow,[Empty],,Missing,High,Unknown
page,D:/{MY_PROJECTS}/{OPC_cerebro_hive}/OPC/cerebro-hive-website/apps/studio/app/(platform)/app/talent/candidates/page.tsx,58,TableHead,[Empty],,Missing,High,Unknown
page,D:/{MY_PROJECTS}/{OPC_cerebro_hive}/OPC/cerebro-hive-website/apps/studio/app/(platform)/app/talent/candidates/page.tsx,59,TableHead,[Empty],,Missing,High,Unknown
page,D:/{MY_PROJECTS}/{OPC_cerebro_hive}/OPC/cerebro-hive-website/apps/studio/app/(platform)/app/talent/candidates/page.tsx,60,TableHead,[Empty],,Missing,High,Unknown
page,D:/{MY_PROJECTS}/{OPC_cerebro_hive}/OPC/cerebro-hive-website/apps/studio/app/(platform)/app/talent/candidates/page.tsx,61,TableHead,[Empty],,Missing,High,Unknown
page,D:/{MY_PROJECTS}/{OPC_cerebro_hive}/OPC/cerebro-hive-website/apps/studio/app/(platform)/app/talent/candidates/page.tsx,62,TableHead,[Empty],,Missing,High,Unknown
page,D:/{MY_PROJECTS}/{OPC_cerebro_hive}/OPC/cerebro-hive-website/apps/studio/app/(platform)/app/talent/candidates/page.tsx,63,TableHead,[Empty],,Missing,High,Unknown
page,D:/{MY_PROJECTS}/{OPC_cerebro_hive}/OPC/cerebro-hive-website/apps/studio/app/(platform)/app/talent/candidates/page.tsx,64,TableHead,[Empty],,Missing,High,Unknown
page,D:/{MY_PROJECTS}/{OPC_cerebro_hive}/OPC/cerebro-hive-website/apps/studio/app/(platform)/app/talent/candidates/page.tsx,65,TableHead,[Empty],,Missing,High,Unknown
page,D:/{MY_PROJECTS}/{OPC_cerebro_hive}/OPC/cerebro-hive-website/apps/studio/app/(platform)/app/talent/candidates/page.tsx,68,TableBody,{dynamic},,Missing,High,Unknown
page,D:/{MY_PROJECTS}/{OPC_cerebro_hive}/OPC/cerebro-hive-website/apps/studio/app/(platform)/app/talent/candidates/page.tsx,70,TableRow,[Icon/Image],,Missing,High,Unknown
page,D:/{MY_PROJECTS}/{OPC_cerebro_hive}/OPC/cerebro-hive-website/apps/studio/app/(platform)/app/talent/candidates/page.tsx,71,TableCell,[Empty],,Missing,High,Unknown
page,D:/{MY_PROJECTS}/{OPC_cerebro_hive}/OPC/cerebro-hive-website/apps/studio/app/(platform)/app/talent/candidates/page.tsx,77,TrackedLink,{dynamic},[Dynamic: `/app/talent/candidates/${candidate.name.toLowerCase().replace(' '  '-')}`],Valid,Medium,Unknown
page,D:/{MY_PROJECTS}/{OPC_cerebro_hive}/OPC/cerebro-hive-website/apps/studio/app/(platform)/app/talent/candidates/page.tsx,84,TableCell,[Empty],,Missing,High,Unknown
page,D:/{MY_PROJECTS}/{OPC_cerebro_hive}/OPC/cerebro-hive-website/apps/studio/app/(platform)/app/talent/candidates/page.tsx,87,TableCell,[Empty],,Missing,High,Unknown
page,D:/{MY_PROJECTS}/{OPC_cerebro_hive}/OPC/cerebro-hive-website/apps/studio/app/(platform)/app/talent/candidates/page.tsx,93,TableCell,[Empty],,Missing,High,Unknown
page,D:/{MY_PROJECTS}/{OPC_cerebro_hive}/OPC/cerebro-hive-website/apps/studio/app/(platform)/app/talent/candidates/page.tsx,96,TableCell,[Empty],,Missing,High,Unknown
page,D:/{MY_PROJECTS}/{OPC_cerebro_hive}/OPC/cerebro-hive-website/apps/studio/app/(platform)/app/talent/candidates/page.tsx,99,TableCell,[Empty],,Missing,High,Unknown
page,D:/{MY_PROJECTS}/{OPC_cerebro_hive}/OPC/cerebro-hive-website/apps/studio/app/(platform)/app/talent/candidates/page.tsx,102,TableCell,[Empty],,Missing,High,Unknown
page,D:/{MY_PROJECTS}/{OPC_cerebro_hive}/OPC/cerebro-hive-website/apps/studio/app/(platform)/app/talent/candidates/page.tsx,111,TableCell,[Icon/Image],,Missing,High,Unknown
page,D:/{MY_PROJECTS}/{OPC_cerebro_hive}/OPC/cerebro-hive-website/apps/studio/app/(platform)/app/talent/candidates/page.tsx,112,TrackedLink,[Icon/Image],[Dynamic: `/app/talent/candidates/${candidate.name.toLowerCase().replace(' '  '-')}`],Valid,Medium,Unknown
page,D:/{MY_PROJECTS}/{OPC_cerebro_hive}/OPC/cerebro-hive-website/apps/studio/app/(platform)/app/workflows/[id]/page.tsx,39,div,{dynamic},Handler: {() => setActiveTab(tab as any)},Action,Medium,Action
page,D:/{MY_PROJECTS}/{OPC_cerebro_hive}/OPC/cerebro-hive-website/apps/studio/app/(platform)/archive/documents/[id]/page.tsx,17,WorkspaceCard,[Empty],,Missing,High,Unknown
page,D:/{MY_PROJECTS}/{OPC_cerebro_hive}/OPC/cerebro-hive-website/apps/studio/app/(platform)/archive/documents/[id]/page.tsx,28,WorkspaceCard,[Empty],,Missing,High,Unknown
page,D:/{MY_PROJECTS}/{OPC_cerebro_hive}/OPC/cerebro-hive-website/apps/studio/app/(platform)/archive/documents/[id]/page.tsx,34,WorkspaceCard,[Empty],,Missing,High,Unknown
page,D:/{MY_PROJECTS}/{OPC_cerebro_hive}/OPC/cerebro-hive-website/apps/studio/app/(platform)/archive/documents/[id]/page.tsx,10,MetricCard,[MetricCard],,Missing,High,Unknown
page,D:/{MY_PROJECTS}/{OPC_cerebro_hive}/OPC/cerebro-hive-website/apps/studio/app/(platform)/archive/documents/[id]/page.tsx,11,MetricCard,[MetricCard],,Missing,High,Unknown
page,D:/{MY_PROJECTS}/{OPC_cerebro_hive}/OPC/cerebro-hive-website/apps/studio/app/(platform)/archive/documents/[id]/page.tsx,12,MetricCard,[MetricCard],,Missing,High,Unknown
page,D:/{MY_PROJECTS}/{OPC_cerebro_hive}/OPC/cerebro-hive-website/apps/studio/app/(platform)/archive/documents/[id]/page.tsx,13,MetricCard,[MetricCard],,Missing,High,Unknown
page,D:/{MY_PROJECTS}/{OPC_cerebro_hive}/OPC/cerebro-hive-website/apps/studio/app/(platform)/studio/workflows/[id]/page.tsx,44,button,[Icon/Image],Handler: {onClose},Action,Medium,Action
page,D:/{MY_PROJECTS}/{OPC_cerebro_hive}/OPC/cerebro-hive-website/apps/studio/app/(platform)/studio/workflows/[id]/page.tsx,76,button,[Empty],Handler: {onClose},Action,Medium,Action
page,D:/{MY_PROJECTS}/{OPC_cerebro_hive}/OPC/cerebro-hive-website/apps/studio/app/(platform)/studio/workflows/[id]/page.tsx,81,button,{dynamic},,Missing,High,Unknown
page,D:/{MY_PROJECTS}/{OPC_cerebro_hive}/OPC/cerebro-hive-website/apps/studio/app/(platform)/studio/workflows/[id]/page.tsx,185,button,[Empty],Handler: {() => router.push("/studio/workflows")},Action,Medium,Action
page,D:/{MY_PROJECTS}/{OPC_cerebro_hive}/OPC/cerebro-hive-website/apps/studio/app/(platform)/studio/workflows/[id]/page.tsx,203,button,[Empty],Handler: {() => router.push("/studio/workflows")},Action,Medium,Action
page,D:/{MY_PROJECTS}/{OPC_cerebro_hive}/OPC/cerebro-hive-website/apps/studio/app/(platform)/studio/workflows/[id]/page.tsx,233,button,[Icon/Image],Handler: {() => setRun(true)},Action,Medium,Action
page,D:/{MY_PROJECTS}/{OPC_cerebro_hive}/OPC/cerebro-hive-website/apps/studio/app/(platform)/studio/workflows/[id]/page.tsx,245,button,[Empty],Handler: {handlePublish},Action,Medium,Action
page,D:/{MY_PROJECTS}/{OPC_cerebro_hive}/OPC/cerebro-hive-website/apps/studio/app/(platform)/studio/workflows/[id]/page.tsx,252,button,[Empty],Handler: {handleArchive},Action,Medium,Action
page,D:/{MY_PROJECTS}/{OPC_cerebro_hive}/OPC/cerebro-hive-website/apps/studio/app/(platform)/studio/workflows/[id]/page.tsx,306,button,[Empty],Handler: {() => setRun(true)},Action,Medium,Action
page,D:/{MY_PROJECTS}/{OPC_cerebro_hive}/OPC/cerebro-hive-website/apps/studio/app/(platform)/studio/workflows/[id]/page.tsx,296,DataTable,[DataTable],,Missing,High,Unknown
page,D:/{MY_PROJECTS}/{OPC_cerebro_hive}/OPC/cerebro-hive-website/apps/studio/app/platform/hiveforge/catalog/[category]/page.tsx,51,TrackedLink,[Icon/Image],/platform/hiveforge,Valid,Medium,OK
page,D:/{MY_PROJECTS}/{OPC_cerebro_hive}/OPC/cerebro-hive-website/apps/studio/app/platform/hiveforge/catalog/[category]/page.tsx,86,TrackedButton,{dynamic},Handler: {() => void deprovision(r.id)},Action,Medium,Action
page,D:/{MY_PROJECTS}/{OPC_cerebro_hive}/OPC/cerebro-hive-website/apps/studio/app/platform/hiveforge/catalog/[category]/page.tsx,112,TrackedButton,[Empty],Handler: {() => setWizardItem(item)},Action,Medium,Action
page,D:/{MY_PROJECTS}/{OPC_cerebro_hive}/OPC/cerebro-hive-website/apps/studio/app/(platform)/app/talent/assessments/[id]/page.tsx,64,TrackedButton,[Icon/Image],Handler: {() => setActiveActivity("explorer")},Action,Medium,Action
page,D:/{MY_PROJECTS}/{OPC_cerebro_hive}/OPC/cerebro-hive-website/apps/studio/app/(platform)/app/talent/assessments/[id]/page.tsx,67,TrackedButton,[Icon/Image],Handler: {() => setActiveActivity("search")},Action,Medium,Action
page,D:/{MY_PROJECTS}/{OPC_cerebro_hive}/OPC/cerebro-hive-website/apps/studio/app/(platform)/app/talent/assessments/[id]/page.tsx,70,TrackedButton,[Icon/Image],Handler: {() => setActiveActivity("source")},Action,Medium,Action
page,D:/{MY_PROJECTS}/{OPC_cerebro_hive}/OPC/cerebro-hive-website/apps/studio/app/(platform)/app/talent/assessments/[id]/page.tsx,74,TrackedButton,[Icon/Image],Handler: {() => setActiveActivity("ai")},Action,Medium,Action
page,D:/{MY_PROJECTS}/{OPC_cerebro_hive}/OPC/cerebro-hive-website/apps/studio/app/(platform)/app/talent/assessments/[id]/page.tsx,77,TrackedButton,[Icon/Image],,Missing,High,Unknown
page,D:/{MY_PROJECTS}/{OPC_cerebro_hive}/OPC/cerebro-hive-website/apps/studio/app/(platform)/app/talent/assessments/[id]/page.tsx,95,TrackedButton,[Icon/Image],Handler: {() => setActiveTab("code")},Action,Medium,Action
page,D:/{MY_PROJECTS}/{OPC_cerebro_hive}/OPC/cerebro-hive-website/apps/studio/app/(platform)/app/talent/assessments/[id]/page.tsx,106,TrackedButton,[Icon/Image],Handler: {() => setActiveTab("sql")},Action,Medium,Action
page,D:/{MY_PROJECTS}/{OPC_cerebro_hive}/OPC/cerebro-hive-website/apps/studio/app/(platform)/app/talent/assessments/[id]/page.tsx,117,TrackedButton,[Icon/Image],Handler: {() => setActiveTab("prompt")},Action,Medium,Action
page,D:/{MY_PROJECTS}/{OPC_cerebro_hive}/OPC/cerebro-hive-website/apps/studio/app/(platform)/app/talent/assessments/[id]/page.tsx,136,div,[Icon/Image],Handler: {() => { analytics.track({ eventName: 'click'  category: 'assessments-workspace'  label: 'DistributedCache.java Tab' }); setActiveTab("code"); }},Action,Medium,Action
page,D:/{MY_PROJECTS}/{OPC_cerebro_hive}/OPC/cerebro-hive-website/apps/studio/app/(platform)/app/talent/assessments/[id]/page.tsx,139,div,[Icon/Image],Handler: {() => { analytics.track({ eventName: 'click'  category: 'assessments-workspace'  label: 'query.sql Tab' }); setActiveTab("sql"); }},Action,Medium,Action
page,D:/{MY_PROJECTS}/{OPC_cerebro_hive}/OPC/cerebro-hive-website/apps/studio/app/(platform)/app/talent/assessments/[id]/page.tsx,164,TrackedButton,[Empty],,Missing,High,Unknown
page,D:/{MY_PROJECTS}/{OPC_cerebro_hive}/OPC/cerebro-hive-website/apps/studio/app/(platform)/app/talent/assessments/[id]/page.tsx,165,TrackedButton,[Empty],,Missing,High,Unknown
page,D:/{MY_PROJECTS}/{OPC_cerebro_hive}/OPC/cerebro-hive-website/apps/studio/app/(platform)/app/talent/assessments/[id]/page.tsx,166,TrackedButton,[Empty],,Missing,High,Unknown
page,D:/{MY_PROJECTS}/{OPC_cerebro_hive}/OPC/cerebro-hive-website/apps/studio/app/(platform)/app/talent/assessments/[id]/page.tsx,168,Button,{dynamic} {dynamic},Handler: {() => { analytics.track({ eventName: 'click'  category: 'assessments-workspace'  label: 'Run Code' }); handleRun(); }},Action,Medium,Action
page,D:/{MY_PROJECTS}/{OPC_cerebro_hive}/OPC/cerebro-hive-website/apps/studio/app/(platform)/app/talent/assessments/[id]/page.tsx,206,TrackedButton,[Icon/Image],,Missing,High,Unknown
page,D:/{MY_PROJECTS}/{OPC_cerebro_hive}/OPC/cerebro-hive-website/apps/studio/app/(platform)/app/talent/candidates/[id]/page.tsx,29,TrackedLink,[Icon/Image],/app/talent,Valid,Medium,OK
page,D:/{MY_PROJECTS}/{OPC_cerebro_hive}/OPC/cerebro-hive-website/apps/studio/app/(platform)/app/talent/candidates/[id]/page.tsx,48,Button,[Empty],,Missing,High,Unknown
page,D:/{MY_PROJECTS}/{OPC_cerebro_hive}/OPC/cerebro-hive-website/apps/studio/app/(platform)/app/talent/candidates/[id]/page.tsx,49,Button,[Icon/Image],,Missing,High,Unknown
page,D:/{MY_PROJECTS}/{OPC_cerebro_hive}/OPC/cerebro-hive-website/apps/studio/app/(platform)/app/talent/candidates/[id]/page.tsx,60,Card,{dynamic},,Missing,High,Unknown
page,D:/{MY_PROJECTS}/{OPC_cerebro_hive}/OPC/cerebro-hive-website/apps/studio/app/(platform)/app/talent/candidates/[id]/page.tsx,90,Card,[Icon/Image],,Missing,High,Unknown
page,D:/{MY_PROJECTS}/{OPC_cerebro_hive}/OPC/cerebro-hive-website/apps/studio/app/(platform)/app/talent/candidates/[id]/page.tsx,147,Card,[Icon/Image],,Missing,High,Unknown
page,D:/{MY_PROJECTS}/{OPC_cerebro_hive}/OPC/cerebro-hive-website/apps/studio/app/(platform)/app/talent/candidates/[id]/page.tsx,156,Button,[Empty],,Missing,High,Unknown
page,D:/{MY_PROJECTS}/{OPC_cerebro_hive}/OPC/cerebro-hive-website/apps/studio/app/(platform)/studio/workflows/[id]/executions/[execId]/page.tsx,191,button,[Empty],Handler: {() => router.push("/studio/workflows")},Action,Medium,Action
page,D:/{MY_PROJECTS}/{OPC_cerebro_hive}/OPC/cerebro-hive-website/apps/studio/app/(platform)/studio/workflows/[id]/executions/[execId]/page.tsx,195,button,{dynamic},Handler: {() => router.push(`/studio/workflows/${workflowId}`)},Action,Medium,Action
page,D:/{MY_PROJECTS}/{OPC_cerebro_hive}/OPC/cerebro-hive-website/apps/studio/app/(platform)/studio/workflows/[id]/executions/[execId]/page.tsx,235,button,{dynamic},Handler: {handleCancel},Action,Medium,Action
page,D:/{MY_PROJECTS}/{OPC_cerebro_hive}/OPC/cerebro-hive-website/apps/studio/app/(platform)/studio/workflows/[id]/executions/[execId]/page.tsx,265,button,{dynamic},Handler: {() => setTab(tab)},Action,Medium,Action